epoch,train_loss,val_loss,val_pixel_iou,val_pixel_dice,val_pixel_f1,gap_val_minus_train,lr_encoder,lr_decoder
1,1.2567071894295194,1.1358940550486247,0.2725853104792242,0.41323059723108985,0.4283961290997069,-0.1208131343808947,1.6045673651399962e-05,8.022836825699982e-05
2,0.9916711136316642,0.8570263938903808,0.4016335216195469,0.5410764104438147,0.573093487597915,-0.13464471974128334,3.2558242610078426e-05,0.00016279121305039218
3,0.7613042795505279,0.6732307065327963,0.49449573911839523,0.6347233160636959,0.6617559704922261,-0.08807357301773167,5.510083562846174e-05,0.0002755041781423087
4,0.6225058028203809,0.5849796781539917,0.49725077634268994,0.6408364196770246,0.6642184251289104,-0.03752612466638927,7.761633445564002e-05,0.0003880816722782001
5,0.5462874294473574,0.4844864548842112,0.5584230854521002,0.6942190813112511,0.7166514544926689,-0.061800974563146205,9.405490095794222e-05,0.0004702745047897111
6,0.4851984094478126,0.44128610650698347,0.5767610534074268,0.7099625162061608,0.7315769908966603,-0.04391230294082915,9.99999844232926e-05,0.0004999999221164629
7,0.45933323417209154,0.4372914508978526,0.5714381523195408,0.7090569792136625,0.727280486955293,-0.022041783274238946,9.978326683071292e-05,0.0004989163341535646
8,0.4386877775446981,0.42278076354662575,0.5770513307182239,0.7118250343320592,0.7318104610525543,-0.015907013998072372,9.914224254098958e-05,0.0004957112127049479
9,0.42488548774113005,0.41883394877115887,0.578339517524183,0.7158134744449393,0.7328455140391831,-0.006051538969971182,9.808238054734372e-05,0.0004904119027367186
10,0.4156773732577124,0.4093608500957489,0.5856556247359225,0.7206953656154776,0.7386920786579475,-0.0063165231619635165,9.661272321860828e-05,0.00048306361609304143
11,0.402003639146813,0.38689042123158773,0.6076022589604713,0.7377602262081185,0.7559111783699122,-0.015113217915225241,9.474580915292548e-05,0.00047372904576462743
12,0.3953429914883569,0.38095767386754353,0.6118193547812727,0.7423010813990456,0.7591661596150742,-0.014385317620813354,9.249756620284834e-05,0.0004624878310142418
13,0.38824669666524625,0.4309897669156392,0.5719174124121955,0.7053703924990206,0.727668524944394,0.04274307025039298,8.988717558451881e-05,0.0004494358779225941
14,0.3833647832656518,0.3792484551270803,0.61221246523061,0.7410039422371585,0.7594687157353537,-0.0041163281385715456,8.693690823029465e-05,0.0004346845411514733
15,0.36968704513632333,0.36835969833532967,0.6191662410172314,0.7478835664901208,0.7647963814120087,-0.0013273468009936673,8.367193478100714e-05,0.0004183596739050357
16,0.36582580141914195,0.3627321857611338,0.621077585103801,0.7525238532867174,0.7662527578086672,-0.003093615658008142,8.012011083892838e-05,0.0004006005541946419
17,0.36163173138331145,0.38009898010889687,0.6094102378076823,0.7371479045586949,0.7573087625412561,0.018467248725585417,7.631173931359433e-05,0.00038155869656797175
18,0.35410049302965146,0.36986229054133096,0.6142238375088133,0.7465754785062217,0.7610144556615244,0.0157617975116795,7.227931188806518e-05,0.000361396559440326
19,0.3527558222731464,0.35201332640647887,0.6286837304220726,0.7596335486291064,0.7720145030971108,-0.0007424958666675252,6.805723181134169e-05,0.0003402861590567085
20,0.34732615906331277,0.353058926820755,0.6277697648954154,0.7582226514283487,0.7713250097574453,0.0057327677574422475,6.368152038197493e-05,0.00031840760190987463
21,0.3396523002312224,0.34777289954821267,0.6335330659552233,0.7616048140453574,0.7756599228492006,0.008120599316990273,5.9189509627047857e-05,0.0002959475481352393
22,0.342329882340044,0.3530925265153249,0.629113606155115,0.7599840916082379,0.7723385327802785,0.010762644175280889,5.461952379848314e-05,0.00027309761899241573
23,0.33707765636281073,0.3540063250462214,0.6297036341172157,0.757561547436142,0.7727830029149025,0.016928668683410697,5.001055240403849e-05,0.00025005276202019245
24,0.3318259262949483,0.34743879206975303,0.6307569746694589,0.7610354830557323,0.7735756884281402,0.015612865774804752,4.540191756257375e-05,0.00022700958781286877
25,0.3295310398197582,0.3435399759610494,0.6363928779030998,0.7642667583321661,0.7777996182904241,0.014008936141291228,4.083293852159742e-05,0.0002041646926079871
26,0.3256287142698072,0.3485937550067902,0.6325099183383297,0.7593995572204284,0.7748925886859391,0.022965040736982967,3.634259619931048e-05,0.0001817129809965524
27,0.31980173627280783,0.34736775187651314,0.6315786871996487,0.7601938796996258,0.7741933529220775,0.027566015603705307,3.196920061315657e-05,0.00015984600306578287
28,0.3156588603861821,0.34492266313234965,0.6340947540260488,0.7625400702570302,0.7760807657741747,0.029263802746167522,2.7750064032260895e-05,0.00013875032016130452
29,0.3113021351333357,0.3375804577668508,0.6400044054280332,0.7689500323602582,0.7804910807675485,0.026278322633515094,2.3721182642306032e-05,0.00011860591321153018
30,0.3127654788331089,0.35034964402516683,0.6295613581869228,0.7575509037609172,0.7726758554061238,0.03758416519205793,1.991692943876746e-05,9.958464719383731e-05
31,0.30644811985966486,0.34151277351379394,0.6370453045957167,0.7652776003636103,0.7782867130278242,0.035064653654129085,1.63697609686359e-05,8.18488048431795e-05
32,0.3056559592294387,0.34274623429775236,0.6362084388442716,0.763794386500484,0.7776618476477906,0.03709027506831364,1.3109940422602163e-05,6.554970211301082e-05
33,0.3018612774073059,0.34024233305454255,0.6387580801126919,0.7663297530492719,0.7795636071783905,0.03838105564723665,1.0165279440184596e-05,5.0826397200922975e-05
34,0.2998410473521958,0.343077850540479,0.6352549180926857,0.7643647854758727,0.7769490995735745,0.04323680318828321,7.560900830626997e-06,3.780450415313499e-05
35,0.2983848434737605,0.33846974408626557,0.6389162463678263,0.7683937835678656,0.7796813873604529,0.04008490061250508,5.319024233948091e-06,2.6595121169740456e-05
36,0.295794226292871,0.3426338798602422,0.6359073596831333,0.7648792116999676,0.7774368834752418,0.04683965356737119,3.458776550807294e-06,1.729388275403647e-05
37,0.2946529879401892,0.3411736665964127,0.6370773156364002,0.7660714752752849,0.7783106021339521,0.0465206786562235,1.9960287585323204e-06,9.980143792661603e-06
38,0.29382453139266396,0.3404405981699626,0.6378623942792321,0.7668603036847259,0.7788961960506258,0.046616066777298626,9.432605055365154e-07,4.716302527682578e-06
39,0.293801795404691,0.34125572538375853,0.6370021810325736,0.7657589492622658,0.7782545294237434,0.047453929979067555,3.0945363935880546e-07,1.5472681967940276e-06
