epoch,train_loss,train_accuracy,train_precision,train_recall,train_f1,train_dice,train_dice_loss,train_iou,val_loss,val_accuracy,val_precision,val_recall,val_f1,val_dice,val_dice_loss,val_iou,gap_val_minus_train
1,0.9617861277716501,0.9615053362165179,0.6501066850417411,0.5826373309801207,0.6145256742715945,0.6145256742715945,0.38547432572840545,0.443548944112343,0.9612182674407959,0.9616571451822916,0.6512203047468493,0.5762951080603845,0.6114710609407843,0.6114710609407843,0.3885289390592157,0.44037329272739584,-0.0005678603308542085
2,0.7912690462384905,0.9615783255440848,0.6287674651760695,0.6602812596751308,0.6441391484206588,0.6441391484206588,0.3558608515793412,0.4750776214759421,0.7920203118324279,0.9610330810546875,0.620357872604727,0.6590362232336044,0.6391123903800084,0.6391123903800084,0.36088760961999156,0.46962907580477675,0.0007512655939374557
3,0.6663607211794172,0.9643104945591517,0.6385361146651828,0.7428167689574617,0.6867402807519167,0.6867402807519167,0.31325971924808327,0.522928001739911,0.6665436722437541,0.964150390625,0.6351323980897151,0.7408851252207217,0.6839449909887158,0.6839449909887158,0.31605500901128425,0.5196933154812008,0.00018295106433685593
4,0.562141204561506,0.9700883091517857,0.7106723085826188,0.7286978246580695,0.7195721980737894,0.7195721980737894,0.28042780192621064,0.5619779553296964,0.5638723612626394,0.9696937662760416,0.7058127804904728,0.7221354360963963,0.7138808174153289,0.7138808174153289,0.28611918258467106,0.5550658345524917,0.0017311567011334406
5,0.5117967460496085,0.9720091727120536,0.7560393353482849,0.6917070780152882,0.722443868195655,0.722443868195655,0.277556131804345,0.5654889442511758,0.5148889424800873,0.9716461588541667,0.7516536174802214,0.684641498172051,0.7165842913061727,0.7165842913061727,0.28341570869382726,0.5583415306919247,0.0030921964304788663
6,0.47852434710093905,0.971320303780692,0.7339922907460882,0.7142936140411293,0.724008987869531,0.724008987869531,0.27599101213046895,0.5674091596152261,0.48756680488586424,0.9706560465494791,0.7264785576008925,0.7049346850207665,0.7155444953670669,0.7155444953670669,0.2844555046329331,0.5570800177866438,0.009042457784925184
7,0.4436960973058428,0.971619890485491,0.716980888063555,0.761840373379338,0.738730232935972,0.738730232935972,0.26126976706402805,0.5857035919092719,0.452874324242274,0.970962158203125,0.7108999611362352,0.7506271916735059,0.7302236436218472,0.7302236436218472,0.2697763563781528,0.5750805170957042,0.009178226936431166
8,0.47483945444652015,0.9650584193638393,0.6302652717972697,0.8141037124356578,0.7104850674454533,0.7104850674454533,0.28951493255454674,0.5509707949158623,0.4838298963705699,0.9646240641276042,0.6267458000868685,0.8018470678206372,0.7035654361128908,0.7035654361128908,0.2964345638871092,0.5426925937575942,0.008990441924049741
9,0.41246145817211693,0.9745456891741071,0.7828095042863683,0.7150634854146627,0.7474044814206313,0.7474044814206313,0.2525955185793687,0.5966846203220495,0.42711708482106525,0.973823486328125,0.7769105621072566,0.7014419968166331,0.7372499783531041,0.7372499783531041,0.26275002164689587,0.5838447560599307,0.014655626648948317
10,0.4073978841985975,0.9748498360770089,0.7956471064407085,0.70300249835678,0.7464612166147329,0.7464612166147329,0.25353878338526714,0.5954831446051181,0.42011394890149434,0.9740598958333333,0.7886796715053869,0.6892059302643687,0.7355951042889316,0.7355951042889316,0.2644048957110684,0.5817717938170842,0.012716064702896823
11,0.4039771739074162,0.9744733101981027,0.7759665899690106,0.7244564128629778,0.7493273179755621,0.7493273179755621,0.25067268202443793,0.5991394301206304,0.42047059615453086,0.973654541015625,0.7682839817479158,0.7113371695391579,0.7387147074823124,0.7387147074823124,0.2612852925176876,0.5856840731154035,0.016493422247114642
12,0.3884038511684963,0.9752299543108259,0.7836657338066382,0.7316322763192532,0.7567556228107422,0.7567556228107422,0.24324437718925784,0.6086941849048412,0.40410946265856423,0.9744282633463541,0.7753081462706668,0.7203346887512746,0.7468111224856908,0.7468111224856908,0.2531888775143092,0.5959286232790264,0.01570561149006794
13,0.3875819991316114,0.9728811209542411,0.7197340655002157,0.7944049390973796,0.7552282778977244,0.7552282778977244,0.2447717221022756,0.6067203042034335,0.4019008591969808,0.9720630696614583,0.7119068402289305,0.7834401191275585,0.7459625021830313,0.7459625021830313,0.2540374978169687,0.5948486416726808,0.014318860065369421
14,0.38193718133653914,0.9750018136160714,0.7687428473082841,0.7513572087278579,0.7599506067899587,0.7599506067899587,0.24004939321004126,0.6128389812140631,0.39930371491114297,0.9740030924479167,0.759482627400399,0.7367823435051855,0.74796028905077,0.74796028905077,0.25203971094922994,0.5973934233153886,0.017366533574603826
15,0.3860122136047908,0.9752305123465401,0.791939096629695,0.7184178067109604,0.7533890136708196,0.7533890136708196,0.24661098632918044,0.6043497305356488,0.40178202350934344,0.9745180257161459,0.7848419109560387,0.70714811982392,0.7439721046948838,0.7439721046948838,0.25602789530511616,0.5923213230181938,0.015769809904552623
16,0.37594251356806074,0.9752656075613839,0.7775425667301598,0.7428791864860256,0.7598157395589786,0.7598157395589786,0.24018426044102137,0.6126635886257586,0.3967961954275767,0.9742598470052083,0.7684108845234656,0.7276674687259072,0.7474843841810797,0.7474843841810797,0.25251561581892035,0.5967864789393137,0.02085368185951597
17,0.38175787012917656,0.973582013811384,0.7361232827755599,0.7768447525401616,0.7559360093519737,0.7559360093519737,0.2440639906480263,0.6076343460099755,0.3994953015645345,0.9725067952473958,0.7262577734856098,0.7621420266606979,0.7437673282514541,0.7437673282514541,0.2562326717485459,0.5920617613106709,0.017737431435357942
18,0.36884759756496976,0.9741427612304687,0.732140405888094,0.8026884239491255,0.7657930540360196,0.7657930540360196,0.2342069459639804,0.620473784028087,0.38691860087712604,0.972980712890625,0.7227452242970595,0.7851017496082966,0.7526341199558335,0.7526341199558335,0.2473658800441665,0.6033787936617157,0.018071003312156275
19,0.36486939239501953,0.975385001046317,0.7673278080420262,0.7643864125152939,0.7658542860548171,0.7658542860548171,0.2341457139451829,0.6205541836762674,0.38642995365460714,0.9742298990885416,0.7576791593507402,0.7465461712551916,0.7520714668796267,0.7520714668796267,0.24792853312037333,0.6026558788579947,0.021560561259587607
20,0.37062285801342554,0.9759130249023438,0.7961917362302888,0.729323821144807,0.7612922682093811,0.7612922682093811,0.23870773179061888,0.6145858693469944,0.3898286526997884,0.9750941162109374,0.7893825171351431,0.715087107364023,0.7504003425390708,0.7504003425390708,0.24959965746092916,0.6005126026233193,0.019205794686362854
21,0.3514773999282292,0.9765919625418527,0.7890197693078287,0.7582863822171302,0.7733478546266571,0.7733478546266571,0.22665214537334288,0.630454083941851,0.37082195981343585,0.9755842692057292,0.7807754367341665,0.7419887338655525,0.7608881124482308,0.7608881124482308,0.23911188755176915,0.6140592468623552,0.01934455988520667
22,0.3526905494076865,0.9765879603794643,0.7908125195470561,0.7552208040768414,0.7726069778191279,0.7726069778191279,0.2273930221808721,0.6294699121283374,0.375254985888799,0.9755128580729167,0.7817576551433612,0.7384400880399911,0.7594817112162681,0.7594817112162681,0.24051828878373194,0.6122293545231833,0.022564436481112504
23,0.3699756635257176,0.9752364589146205,0.7700258541846936,0.7553880234504476,0.7626367067016361,0.7626367067016361,0.23736329329836392,0.6163401733606643,0.394192035039266,0.9740794677734375,0.7596456128038521,0.7386118468502076,0.7489810852058261,0.7489810852058261,0.25101891479417393,0.5986968513014478,0.024216371513548385
24,0.3558782466139112,0.9765946132114955,0.7927793972273821,0.7521840340266591,0.7719483750054691,0.7719483750054691,0.2280516249945309,0.6285960291033424,0.37883248885472615,0.9753952229817708,0.7815400797723244,0.7356865067522197,0.7579204006589575,0.7579204006589575,0.2420795993410425,0.6102027608061956,0.022954242240814937
25,0.345515111718859,0.9770743495396206,0.7963885619023104,0.7586454899610429,0.7770589846824009,0.7770589846824009,0.22294101531759913,0.6354018509066014,0.36709143575032555,0.9759160563151041,0.786350796530495,0.7414384839215101,0.7632344981993187,0.7632344981993187,0.23676550180068134,0.6171214325497271,0.02157632403146653
26,0.35668814281054906,0.9766288016183036,0.809197927227667,0.7278428535241069,0.7663673414456971,0.7663673414456971,0.23363265855430293,0.6212281558302816,0.38020476086934407,0.9755597737630208,0.7993056216030385,0.7119464858613743,0.7531011214062774,0.7531011214062774,0.24689887859372261,0.6039793076529509,0.023516618058795014
27,0.3432819005761828,0.9764998256138393,0.7744413093828779,0.7813436159451123,0.7778771514744137,0.7778771514744137,0.22212284852558628,0.6364966929575642,0.3670892296632131,0.9753578694661459,0.7653206950632991,0.7634298291427293,0.764374092725188,0.764374092725188,0.23562590727481203,0.6186128732206857,0.023807329087030316
28,0.5063215875625611,0.9595279017857142,0.5838248020596966,0.8062086401091396,0.6772277348897989,0.6772277348897989,0.3227722651102011,0.5119760617549526,0.5154763291676839,0.9593663736979167,0.5826312486303468,0.7893203325126216,0.6704065904687722,0.6704065904687722,0.32959340953122784,0.5042192490297738,0.009154741605122863
29,0.34305477605547224,0.9761510968889509,0.7620315932944133,0.7956059384400916,0.7784569240943767,0.7784569240943767,0.22154307590562328,0.6372734121694784,0.36614928956826526,0.9750035400390625,0.7533048775434089,0.7770259767713696,0.7649815811129224,0.7649815811129224,0.23501841888707764,0.6194090463867548,0.023094513512793013
30,0.35484474876948763,0.9764392961774554,0.7847693803469337,0.7614642125705923,0.7729411661893226,0.7729411661893226,0.22705883381067737,0.6299136967939221,0.37812294244766237,0.9752805989583333,0.7748077271667918,0.7441306672635479,0.7591594144064141,0.7591594144064141,0.2408405855935859,0.6118105929322516,0.02327819367817474
31,0.34441680240631106,0.9774317190987724,0.8213968662013339,0.7302549515974417,0.7731491329299414,0.7731491329299414,0.22685086707005864,0.6301899877825909,0.37012254492441815,0.9762561848958333,0.8121354439482585,0.7109454661891617,0.7581790408684748,0.7581790408684748,0.24182095913152524,0.6105381257204031,0.02570574251810709
32,0.33945420248167857,0.9771657191685268,0.7910837875660929,0.7696832931289393,0.7802368236567878,0.7802368236567878,0.21976317634321219,0.6396625499024311,0.3640612234274546,0.97598291015625,0.7809324884915314,0.7523059203163471,0.7663519659885758,0.7663519659885758,0.2336480340114242,0.6212079498044893,0.024607020945776048
33,0.35100266769954136,0.9758233642578125,0.7612321342390319,0.788136530479456,0.7744507383304163,0.7744507383304163,0.22554926166958367,0.6319213454344306,0.37586422165234884,0.97469384765625,0.7523582040598161,0.7701431893357209,0.7611468197152461,0.7611468197152461,0.23885318028475389,0.6143963076724671,0.02486155395280748
34,0.35944503664970395,0.9766206490652902,0.8010801683648433,0.7397626147149737,0.7692013311849872,0.7692013311849872,0.23079866881501276,0.6249611335098032,0.3862929424444834,0.9755614013671875,0.793843415425125,0.7202670732920491,0.7552675683065342,0.7552675683065342,0.2447324316934658,0.6067710208843745,0.02684790579477947
35,0.3368757255758558,0.9763786969866072,0.7608939959972479,0.8041842923060876,0.7819404361609835,0.7819404361609835,0.21805956383901648,0.6419558282490756,0.3671296021938324,0.974796630859375,0.7478450197001302,0.7824251100499888,0.7647443552136223,0.7647443552136223,0.23525564478637773,0.6190980453652372,0.03025387661797657
36,0.33401965045928955,0.9769454868861607,0.7754517761029528,0.7914045930691709,0.7833469734507705,0.7833469734507705,0.21665302654922947,0.6438540457771786,0.3634737984339396,0.9754275716145834,0.7620643174389703,0.7715631139794573,0.7667842994592599,0.7667842994592599,0.23321570054074015,0.6217763033044751,0.02945414797465007
37,0.3385140867233276,0.9767052786690849,0.7726153255954553,0.7902506138275521,0.7813334719288776,0.7813334719288776,0.2186665280711224,0.6411380422218984,0.3644438094298045,0.9754305419921875,0.7622290132383854,0.7713276256559477,0.7667513283514922,0.7667513283514922,0.23324867164850782,0.6217329448460386,0.025929722706476865
38,0.33041050883701867,0.9774977765764509,0.7892895701427283,0.7813018938835788,0.7852754202473372,0.7852754202473372,0.2147245797526628,0.6464637608693419,0.36116465568542483,0.9759883626302084,0.7775370379814619,0.7583446802954562,0.7678209454142562,0.7678209454142562,0.23217905458574384,0.6231407217617377,0.03075414684840616
39,0.32768308060509815,0.9780745675223215,0.8104880813814211,0.7618046116123093,0.7853926445177994,0.7853926445177994,0.21460735548220056,0.6466226644955544,0.358310723900795,0.9765404052734376,0.7974292283915715,0.7398646758188465,0.7675691888668906,0.7675691888668906,0.23243081113310937,0.6228091523946725,0.030627643295696838
40,0.3420162307194301,0.9764073137555803,0.7702740473128655,0.7866184765818374,0.7783604691376268,0.7783604691376268,0.2216395308623732,0.6371441407009568,0.36820389767487843,0.97517578125,0.759972274050417,0.7686074635031958,0.7642654779991932,0.7642654779991932,0.2357345220008068,0.6184706054515278,0.02618766695544833
41,0.33471883501325334,0.9775610961914063,0.8009153250539374,0.7637801181131695,0.7819070532092203,0.7819070532092203,0.21809294679077973,0.641910828947211,0.3608138585090637,0.9761644694010416,0.7880252542852071,0.7451884217463752,0.7660084236360325,0.7660084236360325,0.2339915763639675,0.6207566066967196,0.026095023495810388
42,0.3344859138216291,0.9767992640904017,0.7698586819751877,0.7980203544057338,0.7836866033368008,0.7836866033368008,0.21631339666319915,0.6443130573803966,0.36459146479765575,0.9751826171875,0.7563028965375159,0.7760397236937004,0.7660442033116043,0.7660442033116043,0.23395579668839572,0.620803602015129,0.03010555097602663
43,0.33125718913759505,0.9775005667550223,0.7904616903115543,0.7793767187585369,0.7848800678335797,0.7848800678335797,0.21511993216642034,0.645928066075114,0.3590080461104711,0.9760082600911458,0.7769433635730126,0.7599231515332389,0.76833901136615,0.76833901136615,0.23166098863384998,0.6238234534150395,0.027750856972876048
44,0.3275598664964948,0.9781583251953125,0.8158781163434903,0.7558391846317117,0.7847119196732062,0.7847119196732062,0.2152880803267938,0.6457003342468357,0.3591056722005208,0.9766329345703125,0.8024781830054593,0.7344655425402273,0.7669670193663579,0.7669670193663579,0.23303298063364208,0.6220166300598238,0.031545805704025986
45,0.3250480760165623,0.9775452706473214,0.7852414623881405,0.7895673322880743,0.7873984559341559,0.7873984559341559,0.21260154406584408,0.6493464071421307,0.352433115084966,0.9760975341796875,0.7720053431628443,0.771221150737397,0.7716130477059518,0.7716130477059518,0.22838695229404815,0.6281514520037373,0.02738503906840367
46,0.3247080223560333,0.9780369611467634,0.8047518492021137,0.7697077965619035,0.7868398206267098,0.7868398206267098,0.21316017937329024,0.6485869170493096,0.3536087307135264,0.97655419921875,0.791151897426987,0.7502246076748986,0.7701448930794227,0.7701448930794227,0.2298551069205773,0.6262078262274174,0.028900708357493088
47,0.32639537286758424,0.9778743024553571,0.7997694909080203,0.773536126835067,0.7864341007633341,0.7864341007633341,0.2135658992366659,0.6480357607757452,0.3573176278670629,0.9763868001302083,0.787802115419091,0.7513670757790545,0.7691533525228851,0.7691533525228851,0.23084664747711492,0.6248977921818534,0.03092225499947865
48,0.3245959395340511,0.978099853515625,0.8044398364165435,0.7717756876275875,0.7877693100147634,0.7877693100147634,0.21223068998523664,0.6498509867163629,0.35508289949099225,0.9766448160807292,0.7922745887017336,0.7507492103757866,0.7709531404819834,0.7709531404819834,0.22904685951801662,0.6272772551441371,0.030486959956941173
49,0.3248469807420458,0.978204345703125,0.8147852421438619,0.7585782710841279,0.7856777853228252,0.7856777853228252,0.21432221467717483,0.647009315836074,0.35710432509581247,0.97671875,0.8025917268015043,0.7364675818846527,0.7681091754452518,0.7681091754452518,0.2318908245547482,0.6235204939714324,0.03225734435376665
50,0.3263518434252058,0.9774976457868304,0.7841777835904051,0.7902014413978877,0.7871780890781849,0.7871780890781849,0.21282191092181513,0.6490467248236667,0.3559043140411377,0.9759398193359375,0.7698480762141291,0.7709172697654754,0.7703823020135037,0.7703823020135037,0.22961769798649634,0.62652180696082,0.029552470615931914
