sample_id,overall_iou,overall_f1,shadow_over_panel_recall,shadow_over_roof_fp_rate,shadow_coverage_pct
1768,0.7413023540201773,0.8514343902524668,0.0,4.06528853385369e-05,18.776321411132812
418,0.42096257865106523,0.5925033987181978,0.0,0.0026797841488932126,10.393142700195312
2160,0.5830035801771245,0.7365789786930127,0.16666666666666666,0.0030602252325771175,9.4451904296875
2258,0.7145452480981038,0.8335099337748345,0.023255813953488372,0.0012070491671360747,4.78973388671875
1224,0.6963798661046368,0.8210187824307533,0.8045112781954887,0.0007843576670961958,13.668441772460938
1066,0.7805661363806109,0.8767617449664429,0.03225806451612903,0.0,7.1788787841796875
1749,0.5062828755113968,0.6722281501600543,0.0,0.0007544155498358037,8.60443115234375
535,0.6156835040621689,0.7621337997376475,0.0,0.005568814638027049,1.43890380859375
1436,0.5540438397581254,0.7130350194552528,0.9102564102564102,0.012904279647174126,4.700469970703125
2095,0.6476740198879872,0.7861676667475981,0.1488095238095238,0.0009846631258578504,12.848663330078125
1151,0.7177722825502634,0.8357013206484321,,0.004991023339317774,10.623931884765625
1512,0.710771453556899,0.8309367707523058,0.0,0.0,8.430099487304688
2109,0.5785868559086702,0.7330440561354129,0.024193548387096774,0.0006025709694697375,11.44256591796875
1922,0.6762298159969958,0.8068461848649133,0.0,0.0007642432758918226,15.494537353515625
1283,0.33565823888404533,0.5026109660574413,0.8333333333333334,0.015333830263017783,7.169342041015625
184,0.5,0.6666666666666666,,0.0,12.48016357421875
1053,0.6581076327822722,0.7938056851930421,0.7632575757575758,0.005398216241589735,9.95330810546875
538,0.3577633007600434,0.5269892043182726,0.3783783783783784,0.0,8.428955078125
584,0.3481318075279195,0.5164655348742073,,0.0,6.075286865234375
1625,0.647211048194932,0.7858265022009986,,0.0,0.0095367431640625
505,0.6964782205746061,0.8210871346626605,0.3896204492641363,0.014340386222671886,9.1644287109375
1736,0.40860599985680535,0.5801565517942463,0.022727272727272728,0.0,7.2902679443359375
416,0.6255523388694195,0.7696489665838684,0.15773809523809523,0.00040096230954290296,12.496185302734375
2360,0.6162958817219346,0.7626027990189007,0.09090909090909091,0.0047092400998929715,5.3546905517578125
2472,0.4390711546655305,0.6102146558105108,0.5856236786469344,0.006192580532620072,13.301467895507812
2435,0.5148634011313034,0.6797489473266068,0.7207465900933238,0.013728749932965089,7.6446533203125
1485,0.6575652295567421,0.7934109835696601,0.10012360939431397,0.004809697239289388,14.029693603515625
949,0.5545276142416596,0.7134355275022543,,0.0,2.1129608154296875
838,0.7443668816824247,0.8534522060685883,0.19047619047619047,0.0034531900898925674,13.927078247070312
1442,0.7851159793814433,0.8796246164952174,0.0,9.754670048285617e-05,7.8216552734375
1948,0.5543048736678242,0.713251155624037,0.0,0.002462913110716536,13.323593139648438
1,0.5017201834862385,0.6681939671630394,0.45364238410596025,0.006910258370279774,13.051986694335938
1754,0.6480797636632201,0.7864665023526775,,0.0,0.09307861328125
600,0.4186128576928012,0.590172090183397,0.5124884366327475,0.0007696570408226095,12.803268432617188
2322,0.6375187505514868,0.7786399396486691,0.36363636363636365,0.0,9.296798706054688
822,0.7189637033140452,0.836508300818606,,0.004080380426445774,12.434005737304688
519,0.4745182555780933,0.6436247958043162,0.3,0.0007880738162474552,5.8124542236328125
2381,0.5990209042568156,0.7492346130837174,0.0,0.0,8.094406127929688
2373,0.5232783106244597,0.6870422915822185,0.6634712411705348,0.014082800811653896,13.351821899414062
1870,0.5287344179167547,0.691728284154516,0.044444444444444446,0.004783962335788594,5.040740966796875
1774,0.8334989072123982,0.9091894234937149,0.0,0.0,2.044677734375
2307,0.6294154228855722,0.7725659325979924,0.8928571428571429,0.002126014688828759,5.931854248046875
4,0.8268848626534191,0.9052402584938256,0.0,0.0015615850087839158,7.8281402587890625
793,0.7501569365976145,0.857245337159254,0.0,0.0,7.21893310546875
75,0.7330104003419291,0.8459388359092403,,0.00014328016047377974,7.987213134765625
1570,0.719333694741511,0.8367586780175997,0.0,0.00017681589928566377,10.901260375976562
442,0.5627201715423495,0.7201803391159464,0.7679914070891515,0.01497371385655276,8.481979370117188
2117,0.5618641912512716,0.7194789334418888,0.07653061224489796,0.00017448961786773688,11.005783081054688
1300,0.6838072977535385,0.8122156242770108,0.0,0.0002682547346960674,14.233779907226562
275,0.7917841320982683,0.883794111036188,,0.0,8.841705322265625
1890,0.5822213564494659,0.7359543645093775,0.22916666666666666,0.0013609220941535897,13.771438598632812
2271,0.5329430813301781,0.6953201169970751,0.016877637130801686,0.0,12.6007080078125
690,0.605874095670014,0.7545723507261969,,0.0,0.0
346,0.5966637033938189,0.7473880719221827,0.0,0.0024680073126142595,8.37554931640625
1076,0.6294765840220385,0.7726120033812341,0.7407407407407407,0.009335529928610654,6.0001373291015625
237,0.4019642368040067,0.5734300865196762,0.16819012797074953,0.0009017945711966813,8.8775634765625
2046,0.44681765175228627,0.6176557926441267,0.0,0.0,10.89019775390625
1319,0.5710096048097368,0.7269333084426192,0.6373937677053825,0.01193765135236536,12.396240234375
2006,0.3241656365883807,0.4896149358226371,,0.0,9.617996215820312
2072,0.6232729116491317,0.7679212868967671,0.0,9.405273223187134e-05,12.171554565429688
483,0.41418483266809947,0.5857577073382544,0.4225352112676056,0.0016088927892350445,10.459518432617188
335,0.7632878877692155,0.8657552666965487,0.90625,0.0,15.562057495117188
1026,0.34645764977518534,0.5146209386281588,0.0,0.00028437366699843596,8.075714111328125
928,0.5629071170084439,0.7203334233782271,0.0,0.0006641429235571495,5.7735443115234375
846,0.398981324278438,0.5703883495145632,0.0,0.0004696725711218465,11.374664306640625
1338,0.7846369694843914,0.8793238993710691,,0.0,12.74566650390625
1924,0.6895072162267586,0.816222872094813,0.4043062200956938,0.012134677832849085,4.6234130859375
1027,0.7135558583106267,0.8328364142317629,0.75,0.0019043588658484976,12.621307373046875
1869,0.678193408708203,0.8082422504927431,,0.0,2.6866912841796875
140,0.5595747822235346,0.7175991669033419,0.2,0.0018140589569160999,9.256362915039062
709,0.7514100394811055,0.8580629578938892,,0.0,10.721969604492188
375,0.4708764289602613,0.6402664692820134,0.0,0.0004989664266875758,5.364990234375
775,0.6654853759196124,0.7991488674010828,0.3409090909090909,0.0014087884419399317,12.743377685546875
2111,0.5508137432188065,0.7103544776119403,0.02074688796680498,0.0003517720517104916,8.767318725585938
2044,0.5654783780472865,0.7224352453243602,0.05263157894736842,0.0,11.95831298828125
2385,0.5634882606612363,0.7208090714066809,,0.0,1.5911102294921875
119,0.4490223986815492,0.6197590859742542,0.15,0.0,5.010223388671875
754,0.7897623400365631,0.8825331971399388,0.2857142857142857,0.0,7.9837799072265625
714,0.5838370456239133,0.7372438310330406,0.0,0.001247894178573657,12.24517822265625
92,0.1998519615099926,0.33312769895126465,,0.0,0.536346435546875
183,0.6259940117832652,0.76998316998317,0.10541310541310542,0.002901955365162717,11.175918579101562
877,0.5225252373060117,0.6863928748144482,,0.0,6.519317626953125
1573,0.6211108410306271,0.766278067248941,0.09859154929577464,0.0010747735298633502,2.5115966796875
438,0.5727016885553471,0.7283030122278557,0.6240913811007269,0.0131919390692759,10.83526611328125
1914,0.1516629711751663,0.2633808240277243,,0.0323821737736454,5.9490203857421875
1903,0.6125732178044107,0.7597462379270518,0.03773584905660377,4.921017666453422e-05,7.772064208984375
994,0.677855841790268,0.8080024813895781,0.3727810650887574,0.0015491559086395234,9.66796875
1356,0.6642252506453743,0.7982396017459686,0.11855670103092783,0.0058904881421912615,14.9688720703125
171,0.5328194927896569,0.6952149229521492,,0.0,9.571075439453125
1773,0.5824910056535891,0.73616975208401,0.0,0.00015124016938898973,10.098648071289062
194,0.5521888085268367,0.7114969589954875,0.0,0.0,10.8642578125
2126,0.6198170564714904,0.7652926656071417,0.5257731958762887,0.0008997955010224949,9.363937377929688
273,0.6614792646430099,0.7962534095002831,0.10658682634730539,0.014021031547320982,8.698272705078125
577,0.6372291428394795,0.7784238945738776,0.5954631379962193,0.010635240011497557,8.36639404296875
771,0.5731687242798353,0.7286805482892121,,0.0,0.1216888427734375
1798,0.5523698069046226,0.7116471918582736,0.15671641791044777,0.00020190366310931642,13.27667236328125
2342,0.7237637637637637,0.8397482056165944,0.18867924528301888,0.006138203728111467,10.190582275390625
2303,0.6405555051284378,0.7809007413964811,0.1038961038961039,0.0011694929412747472,9.162521362304688
983,0.7554186145346367,0.8606706209901949,0.38333333333333336,0.0033721029920269767,13.417434692382812
1666,0.6339350764996358,0.7759611573523584,0.4558303886925795,0.0038198895894926872,14.6881103515625
895,0.6732967535436671,0.804754747916382,,0.0,0.4520416259765625
1969,0.6851587074635401,0.8131681656202273,0.5360824742268041,0.02316689158794422,6.8210601806640625
1239,0.6800445530324806,0.8095553797129964,0.48653667595171773,0.012017075008071169,11.045074462890625
169,0.5202939975500204,0.6844649763644177,0.01048951048951049,0.0,12.047195434570312
23,0.7631683958499601,0.8656783976462601,0.0,0.0,9.344863891601562
332,0.5995669824086604,0.7496616134271793,0.05405405405405406,0.0028759361029642074,13.41094970703125
201,0.3934620395593983,0.5647258818529537,0.8113207547169812,0.003371945414154237,9.636306762695312
212,0.6766896551724138,0.8071734123066798,0.5705882352941176,0.011837140019860973,9.668350219726562
367,0.4042990919409762,0.5758019701944935,0.7647058823529411,0.005323505323505323,4.6772003173828125
1849,0.7455476402493322,0.8542277770692512,0.0,0.0,3.2253265380859375
1949,0.5316937119675457,0.6942559178943882,0.0,4.215673875468994e-05,9.096145629882812
1799,0.6244684331043506,0.7688280306081353,,0.0017546791443850268,4.5654296875
2473,0.6440014903129657,0.7834560906515582,,0.0004565568588888108,10.861968994140625
1610,0.3333333333333333,0.5,0.28846153846153844,0.008167265599477294,4.8095703125
1757,0.5596730855351545,0.7176799942574115,,0.0,2.7790069580078125
2296,0.6485626449490319,0.7868219590394556,0.0,0.0022991809167983907,5.3256988525390625
937,0.5414059927560092,0.702483311081442,0.2222222222222222,0.0065983786840947654,6.073760986328125
376,0.31832139201637666,0.4829192546583851,,0.0,14.81781005859375
1608,0.43863026885786977,0.6097887391262785,0.00546448087431694,0.00010370216737529814,7.4268341064453125
1759,0.6968184043073911,0.8213234869901345,0.0,0.0,9.266281127929688
1548,0.7239690538718149,0.8398863683148751,0.24,0.001231658991110635,14.275741577148438
2122,0.5340909090909091,0.6962962962962963,0.6043956043956044,0.00789651801158156,10.734939575195312
1807,0.5987206085753803,0.7489996755704552,0.12162162162162163,3.853119099911378e-05,9.928512573242188
276,0.7221914571565696,0.8386889322386332,0.7190184049079754,0.0068344386203701025,13.483428955078125
100,0.573954788526981,0.7293154704451565,0.3974358974358974,0.0005126683036075659,14.167404174804688
1137,0.4366958791721052,0.6079169370538611,1.0,0.000598157674362962,9.566497802734375
1817,0.5730119860806805,0.728553871364195,0.0,0.0015409424834259093,10.64605712890625
504,0.3604786438424464,0.5299291473247008,,0.0,0.0782012939453125
1700,0.6212930944147542,0.766416752843847,0.5757575757575758,0.00015993785272008592,16.720962524414062
174,0.6126648022373152,0.7598166728601511,0.04329004329004329,0.00044534172555073926,12.936782836914062
1384,0.6150651312063432,0.7616598480420806,,0.0,9.587478637695312
766,0.6038771775232156,0.7530217225931874,0.02631578947368421,0.0018803651723668074,14.012527465820312
113,0.5823739690939286,0.7360762758596154,0.9714285714285714,0.001311147878750039,12.23297119140625
1660,0.6192130503738388,0.7648320895522389,0.0695266272189349,0.0007720889832553201,8.163070678710938
2402,0.6967392705245521,0.821268515001899,0.4095238095238095,0.006402304829738706,9.5733642578125
843,0.6778935350363922,0.808029259164753,0.4,0.0012441381950425879,3.9936065673828125
2249,0.799039098740888,0.888295423151303,0.0,0.0002853962727246782,13.36669921875
2206,0.6544701415257163,0.7911537659086166,0.0,0.0013551053594416966,11.294937133789062
2369,0.5624843632724543,0.719987190264601,0.0,9.675858732462506e-05,3.9459228515625
986,0.7235453880706153,0.8396012000363648,0.08387096774193549,0.0016590772706413922,10.86578369140625
423,0.6009954855886098,0.7507772395343792,0.21052631578947367,0.00032358651526740015,13.003921508789062
917,0.6359903381642512,0.7774988926620405,,0.00020766706815633176,9.184646606445312
2308,0.5808348030570253,0.7348456675343994,0.9787234042553191,0.005013877697197601,4.278564453125
2242,0.5296253507179403,0.6924902891670264,0.0,0.00025188123799628476,12.135696411132812
432,0.1925925925925926,0.3229813664596273,0.0,0.0,4.816436767578125
2001,0.5383625730994152,0.6999163688892268,0.0,0.0,2.7126312255859375
388,0.59613196814562,0.7469707769066286,,8.668015024559376e-05,13.202667236328125
2128,0.5550456961492868,0.713864161707569,0.06128133704735376,0.0017404593114573163,9.12322998046875
887,0.7251614586731032,0.8406882208356967,0.8055045871559633,0.00533776169859439,13.071823120117188
574,0.6845663813655372,0.8127508526088671,0.432,0.002106696052375705,11.865234375
477,0.7413554633471646,0.8514694201747419,,0.0,2.72216796875
1304,0.5714825001348217,0.7273164035689774,0.36619718309859156,0.0035328431171178574,9.313201904296875
1312,0.7488202665783591,0.8563718992615036,0.047619047619047616,0.00018969161563058912,14.085006713867188
5,0.6957149735194993,0.8205565019875072,,0.0,6.342315673828125
300,0.5563405157188273,0.7149341806627326,0.9084507042253521,0.004203789685029489,12.213897705078125
2382,0.5812584269662922,0.7351846062018589,,0.0,0.142669677734375
1637,0.4498318385650224,0.6205296733036922,0.05,0.001559332605644784,4.976654052734375
307,0.614487079091621,0.7612164718436242,0.5588235294117647,0.0011652370933808059,11.811447143554688
920,0.1406963919962187,0.2466850828729282,,0.0,0.838470458984375
1892,0.781985515992758,0.8776564219795108,0.9481037924151696,0.0032309192879785417,12.897491455078125
2320,0.49681846537741736,0.6638326248228724,0.0,0.005223562810503904,13.442611694335938
2052,0.4576271186440678,0.6279069767441859,0.0,0.0,2.9468536376953125
1601,0.5678655091635663,0.7243803831956408,0.04778156996587031,0.0,13.685989379882812
1184,0.7514468170025943,0.8580869367059762,0.6660516605166051,0.005804728919159475,10.064315795898438
2457,0.5490191306040987,0.7088603617051366,0.8023952095808383,0.02235357657225156,12.96844482421875
845,0.41674550614947964,0.588313856427379,,0.0,3.81927490234375
497,0.5585680655897395,0.7167708333333332,,0.00022153300841825432,1.721954345703125
904,0.6396537622682661,0.7802302864031259,0.2573099415204678,0.0016977080940730014,7.704925537109375
1083,0.6507411268754816,0.7884229892632562,0.21680216802168023,0.0015685715304267227,10.84136962890625
2138,0.5447269001728885,0.7052727574199967,0.0,0.0,7.656097412109375
179,0.655143317394973,0.7916454249123296,0.712618526622903,0.0002708852530068263,14.605331420898438
776,0.6153896230714146,0.76190859998388,0.5897435897435898,0.002603775474437935,7.633209228515625
2273,0.3294638663356371,0.49563417957906425,0.11764705882352941,0.0036762525941298548,12.873458862304688
1707,0.6676506449335815,0.8007080463308579,0.7659574468085106,9.477325498744255e-05,8.068084716796875
870,0.7205254636443921,0.8375644288555725,0.908,0.003377461475830041,12.745285034179688
733,0.6786594709840762,0.8085731295892042,0.9102564102564102,0.003175723359209598,7.627105712890625
2005,0.513302448709464,0.6783871249890667,,0.0,2.0542144775390625
1324,0.6307176809787267,0.7735461365699814,0.4634146341463415,0.002256718867537441,5.5938720703125
1688,0.5793977291426691,0.7336945196916025,,0.0,6.6303253173828125
10,0.6950125717716816,0.8200677485775012,0.5404624277456648,0.007829255058008838,14.895248413085938
941,0.6335561922954474,0.7756772558955368,,0.0,0.353240966796875
11,0.7632423183859699,0.8657259531799619,0.25742574257425743,0.0018100912587676295,5.096435546875
456,0.6098183175709309,0.7576237776832992,,0.0,0.1495361328125
2430,0.7101209552362245,0.8304920807641155,0.288135593220339,0.00012095554883580284,6.3526153564453125
724,0.6979499764507573,0.8221089974743419,0.28211586901763225,0.000538631875037405,12.899398803710938
737,0.7203876303931857,0.8374712973593571,0.8061224489795918,0.009992808206215224,10.115432739257812
980,0.5483555845001629,0.7083070452155625,0.38095238095238093,0.00025250399797996804,4.540252685546875
37,0.5152739919165336,0.6801066931331804,,0.0,1.183319091796875
1830,0.7154538021259199,0.8341277407054337,,0.0,6.9362640380859375
2256,0.6145652909673694,0.7612764803077758,0.017333333333333333,0.00021334091878822358,5.65032958984375
319,0.446288612263716,0.6171501434491553,0.0,4.161638020724957e-05,9.177398681640625
806,0.7443974298699263,0.8534722846105472,1.0,0.0012494188749418876,13.131332397460938
2425,0.5556368960468521,0.7143529411764705,,0.0,4.14581298828125
25,0.722371630495966,0.8388104143215078,0.4657534246575342,0.007871144203008662,12.580108642578125
1901,0.5490160678822892,0.7088578088578088,0.6091397849462366,0.010804742861152038,6.1466217041015625
2436,0.5307990404133603,0.6934927791306025,0.0,0.001882240661700379,14.464187622070312
957,0.5755870054679961,0.7306318260692048,0.0,0.0,7.723236083984375
2017,0.8045811308665706,0.8917095686135275,0.9922779922779923,0.010397630600541937,12.205886840820312
984,0.7653562653562653,0.8670842032011135,0.0,0.0,16.983795166015625
565,0.7039274924471299,0.826241134751773,,0.0,1.17340087890625
931,0.6868558239484261,0.8143622166128004,0.5,0.0018048780487804879,7.82928466796875
218,0.5409349691283778,0.7020866940729561,0.0,0.0001937046004842615,7.891082763671875
1580,0.5521425280294886,0.7114585394814962,0.5328767123287671,0.0014244150806158322,13.1439208984375
602,0.5609450510112762,0.7187249168673318,0.9259259259259259,0.0004312823461759632,2.6638031005859375
99,0.703537392989824,0.8259723512790852,0.7869565217391304,0.0025611028551554053,12.152481079101562
1477,0.6382080831033923,0.7791538690181313,0.6296296296296297,0.0008929102922793023,6.4289093017578125
480,0.5349404645715401,0.6970178673618618,0.30378578024007385,0.000784313725490196,13.058853149414062
657,0.7638507953922107,0.8661172445964858,0.9023809523809524,0.005547115146804226,10.956954956054688
508,0.1742591773551526,0.29679849340866293,,0.0,5.9215545654296875
334,0.730739189093233,0.8444243866415032,0.0,0.0,16.374588012695312
144,0.32564396107613053,0.4912992788980527,,0.0,0.0
1322,0.5256777606347807,0.6891071944524705,0.12931034482758622,0.005785721665461308,11.120986938476562
1653,0.7798113810741688,0.8762854191925996,0.06956521739130435,0.0003088453302586065,18.614959716796875
1975,0.6192861938949434,0.764887882364199,0.4880952380952381,0.015499570858787297,7.6198577880859375
2019,0.8395256916996048,0.9127632144391921,,0.0,15.667343139648438
2244,0.5500648788927336,0.7097314265783049,,0.0,2.4066925048828125
700,0.8512736236647493,0.9196626719928984,0.3333333333333333,0.00011488310643919812,6.64215087890625
532,0.5224435810531537,0.6863224195037193,0.0,0.0,3.8970947265625
524,0.38407329105003524,0.554989816700611,0.0,0.0,7.1834564208984375
800,0.753242309140061,0.8592563677173808,0.4,0.0007564105796626409,15.133285522460938
1806,0.583435047951177,0.7369232463385089,0.0,0.016651989432391323,9.53216552734375
2155,0.6460422774263231,0.7849643794525684,,0.0,9.289169311523438
111,0.115678643408159,0.2073691095399757,0.0,0.0,13.451004028320312
636,0.5029624753127058,0.6692947875602278,,0.0,0.152587890625
1288,0.3933374460209747,0.5645975382980608,,0.0,9.823226928710938
1453,0.5371203599550056,0.6988657153311378,0.0,0.0,11.135482788085938
1058,0.5521794176162055,0.711489163365183,0.26666666666666666,0.0004585987261146497,7.4920654296875
2283,0.6157056562328391,0.7621507715315071,0.0,0.0,12.4969482421875
458,0.5379927385892116,0.6996037433605936,0.7555555555555555,0.010730074252113824,8.939361572265625
1060,0.7364511865046893,0.8482256135136115,0.7379310344827587,0.008733758274086786,12.503433227539062
749,0.7228216730479174,0.8391137450333356,,0.0,0.2399444580078125
216,0.6311483791798752,0.7738699768039622,0.047619047619047616,0.0,5.030059814453125
1048,0.6818411197577754,0.8108270296732625,0.2517985611510791,0.0043569520417249714,12.260055541992188
1750,0.7035291119887884,0.8259666442300503,0.6888888888888889,0.0004536947768388816,6.743621826171875
268,0.44941248283229057,0.6201305538008002,0.0,3.6055525509284295e-05,10.584259033203125
1051,0.78389394376055,0.8788571164808788,0.16666666666666666,0.0007761437908496732,9.340667724609375
286,0.4493321050207278,0.6200540282853965,0.0,0.00039428289797930016,11.638641357421875
2285,0.538138731177487,0.6997271705986199,0.4810126582278481,0.002027660926671307,12.665176391601562
1359,0.7117148415786548,0.8315810838238279,0.0,0.0,3.9897918701171875
621,0.668360391622258,0.801218243945922,0.9285714285714286,3.417985439382028e-05,11.171340942382812
1871,0.654073199527745,0.7908636688079943,0.0,0.00047942469037155414,9.548568725585938
62,0.5736281905549241,0.7290517467822433,0.06060606060606061,6.770022341073725e-05,11.281967163085938
1386,0.6904006750661972,0.8168485557888937,0.4866666666666667,0.0057958870151181875,10.982894897460938
1191,0.6363011483098819,0.777731102819442,0.7102473498233216,0.0037424124868787366,8.466339111328125
1363,0.6252464776108702,0.7694174221869279,0.24528301886792453,0.009860867215993515,11.498260498046875
804,0.7438989918025064,0.853144586124919,0.0,0.00031938677738741617,11.944580078125
308,0.3715415019762846,0.5417867435158501,0.0,0.0,0.6572723388671875
2399,0.6563626996393611,0.7925349922239502,0.04398447606727038,0.0011935423079339155,12.440109252929688
2441,0.6340407707344318,0.7760403315389217,0.375,0.0042860452544598035,9.882354736328125
2442,0.2855093256814921,0.44419642857142855,0.0,0.0,4.8770904541015625
998,0.640931693274012,0.7811802232854864,,0.0,13.2781982421875
355,0.477710233029382,0.646554679465204,0.0,0.0,12.585830688476562
120,0.08265762445329009,0.1526939312786528,0.3106060606060606,9.020657305228974e-05,12.887954711914062
1936,0.5919479606188467,0.743677526228603,,0.0,0.336456298828125
1473,0.7401784607758086,0.8506925898230245,0.3076923076923077,0.001807708805686623,12.455368041992188
534,0.5459713901454946,0.706314998615999,0.06666666666666667,0.0,14.478302001953125
98,0.7059401080019637,0.8276258992805754,0.4507042253521127,8.192356531356245e-05,9.33990478515625
1640,0.4755579651215325,0.6445805266380894,0.052,0.009644163618224144,2.3895263671875
2041,0.45012110202845895,0.620804843676601,0.047619047619047616,0.002181724845995893,8.941268920898438
1080,0.5648041218797193,0.7218847573091117,0.2647058823529412,0.001892990368019598,6.8904876708984375
1917,0.64544525215811,0.7845235218996998,0.06763285024154589,0.001347015747838652,15.654754638671875
1809,0.5279340344502289,0.6910429672314833,0.0,0.0,9.595870971679688
2327,0.7142802900861905,0.8333296418525327,0.17586206896551723,0.0019654759870107673,13.50250244140625
794,0.20763000529861478,0.34386360787263387,0.25,0.011652692908910047,10.74066162109375
1619,0.42222846705072364,0.5937561746690377,0.0,0.0,0.046539306640625
50,0.7978249611600207,0.8875446480009218,0.7405405405405405,0.004524134260337314,11.537933349609375
73,0.5441713613570235,0.7048069598685002,0.32642487046632124,0.011451534928692289,12.698745727539062
127,0.2723948129489691,0.42816083526409954,0.26906093612010595,0.007059567294183759,12.157058715820312
1118,0.6074961754207038,0.7558290771817403,0.02654867256637168,6.668444918644971e-05,11.484146118164062
556,0.7520415738678545,0.8584745762711865,,0.0,0.1491546630859375
2294,0.4841412327947337,0.6524193548387096,0.4233128834355828,0.003839609057986823,8.929443359375
1955,0.8418243085443566,0.9141200978172267,0.08672086720867209,0.00021377799155576933,14.416122436523438
1575,0.5769686643455071,0.73174398120963,0.03538461538461538,0.0,13.848876953125
2204,0.5985268194409469,0.7488480170139026,0.17475728155339806,0.004764056018727669,9.32769775390625
2137,0.6391491367627129,0.7798547702926162,0.35952848722986247,0.0019481151985454074,11.94305419921875
264,0.5925680159256802,0.7441666666666666,0.09375,0.006686892452479723,6.1733245849609375
487,0.5509983518413445,0.7105079785380809,0.17752234993614305,0.0021507028189569092,15.19775390625
1167,0.749020523598246,0.8565028408669464,0.004750593824228029,4.104584821245331e-05,9.454345703125
2024,0.30778962588107717,0.470702045328911,0.05263157894736842,0.0009978617248752673,8.057022094726562
353,0.24561206541671346,0.3943636582141569,0.04442771084337349,0.00854737381939399,9.432601928710938
403,0.5169330804659984,0.6815502768351492,,0.0,0.0812530517578125
1039,0.6907034571268148,0.8170604421671885,0.0,0.00030505076916372513,8.759689331054688
1266,0.5920951453324448,0.7437936697040924,0.7454545454545455,0.03497680110131036,7.5237274169921875
1056,0.7677115419460047,0.8685936859368594,0.75,0.002924948481021073,11.478424072265625
105,0.5741127348643006,0.7294429708222813,0.03856749311294766,0.0015228978570651583,7.1521759033203125
2084,0.5780553077609277,0.7326172979084229,0.0,0.0,8.471298217773438
2187,0.514866979655712,0.6797520661157025,0.04878048780487805,0.0,12.615966796875
1393,0.6864440469091632,0.8140727208438918,0.21524663677130046,0.0035430665852168603,12.659454345703125
1727,0.6825128276244626,0.8113017819758338,0.023153252480705624,9.88793671720501e-05,11.919784545898438
801,0.7202807218562016,0.8373990508700359,,0.001152165276122368,19.20318603515625
1976,0.6038147478651125,0.7529731830548,0.15151515151515152,0.00031150491485532327,11.034011840820312
1921,0.5410700828937453,0.7022004889975548,0.03260869565217391,0.00044099002260073865,13.875579833984375
2112,0.4653479853479853,0.6351364863513649,0.43157894736842106,0.004570209848802224,10.124969482421875
153,0.23367517407050617,0.3788277157260057,0.0,0.0,17.853164672851562
1550,0.53125,0.6938775510204083,0.0072992700729927005,0.0013891726251276813,9.440994262695312
126,0.46254009591259887,0.6325161234283728,0.07231404958677685,0.005484927080233003,9.156417846679688
908,0.562749309604173,0.7202042018456706,0.0,0.0,0.0232696533203125
2026,0.43446211827301445,0.6057491693068542,0.3333333333333333,0.001768254628666528,7.341766357421875
715,0.7225662066393137,0.8389415789701616,0.0,0.0004668662290940049,13.890838623046875
1831,0.6195604071396961,0.7650970033700701,0.2553191489361702,0.007872741978970072,7.1102142333984375
1520,0.3114053823152499,0.47491856677524424,,0.0,0.0
1072,0.677372962607862,0.8076593312374963,0.3067047075606277,0.0007387450026073353,9.045791625976562
214,0.5658045977011494,0.7227014131033218,0.4583333333333333,0.014452617914322804,4.4170379638671875
1968,0.2746871702095583,0.43098758131283266,0.0,0.002241229474454558,8.352279663085938
1820,0.7070220983980244,0.8283690047850439,0.7477477477477478,0.00943859994100875,7.8022003173828125
136,0.34923824376199614,0.5176821000689057,0.24072642967542504,0.003913110460637807,13.367843627929688
1686,0.6182754673788631,0.7641164682305788,0.008421052631578947,0.00042643923240938164,13.599395751953125
24,0.6027188136086071,0.7521204699052025,0.4215618521078093,0.005811317644149528,9.807586669921875
1828,0.5096640290569464,0.6752019247293349,0.0,0.00031754561664916096,15.633392333984375
2163,0.23978904847396768,0.3868223368630645,0.0,0.0,7.2826385498046875
1825,0.7203708867819297,0.837459982980103,,0.0,0.0
1311,0.7652055119980993,0.8669874491066323,0.0,0.0012964677867442784,14.42108154296875
1632,0.6620545868081881,0.7966700878093284,0.01692047377326565,0.0015312763188117297,15.172576904296875
841,0.5842987597110536,0.737611837577426,0.0,0.0,13.455963134765625
860,0.785532672260361,0.8798860804556781,0.989247311827957,0.00413276507813509,11.850357055664062
1950,0.6501196794671662,0.7879667003027245,0.4418604651162791,0.001890923566878981,11.548233032226562
2203,0.6823210532138511,0.811166277578667,,0.0,0.0255584716796875
2196,0.7155559547332495,0.8341971624522276,0.6056338028169014,0.0008232570105479804,14.908981323242188
730,0.7334268797700126,0.846216114829513,0.3076923076923077,0.004091410729186294,14.221572875976562
2265,0.0,0.0,,0.0,4.328155517578125
2377,0.6936504695794202,0.8191187993490446,0.2733812949640288,0.0002657101102696958,5.7956695556640625
632,0.6228528123947457,0.7676023452498314,,0.0004739523677870374,9.658432006835938
894,0.5967045112026524,0.747420085577649,0.4548611111111111,0.008818011257035647,8.2427978515625
1346,0.7925093989435111,0.8842457388626347,0.8553971486761711,0.007572614107883817,11.219406127929688
1161,0.8570383020248841,0.9230162900683132,,0.0,2.17742919921875
2494,0.7354316774111996,0.8475489839026877,0.9195402298850575,0.0013443118803562427,9.113693237304688
1031,0.7701696317749276,0.8701647773752483,,0.0,7.042694091796875
2341,0.7001356852103121,0.8236233040702314,0.6507177033492823,0.011028813283412015,9.453201293945312
1973,0.6835009140767825,0.811999457038143,0.7639077340569878,0.005947184635530336,14.264297485351562
1254,0.7543147208121828,0.8599537037037037,0.0,0.000504719123807601,7.558441162109375
2306,0.6714298884484189,0.8034197462768892,0.2857142857142857,0.0009167812643247073,9.24224853515625
2330,0.6343431580387061,0.7762667894054144,0.594488188976378,0.0033588685916322923,13.140869140625
1866,0.6068645477628929,0.7553400174367917,,0.005109131038992888,9.333038330078125
1122,0.33692498963945294,0.5040297582145071,,0.0,12.874603271484375
812,0.6762485319612997,0.8068595068895339,,0.0,5.690765380859375
116,0.44154065960233363,0.6125954986578567,0.08094435075885328,0.008574389899180251,8.323287963867188
1226,0.7755744996293551,0.873604007932366,0.9333333333333333,0.0009965272535104937,12.638092041015625
1491,0.7416747014759326,0.8516799386790443,0.0,0.0,9.11865234375
1269,0.41307350007672244,0.5846454555326311,0.0,0.0,9.331893920898438
1793,0.0,0.0,,0.001914823374050842,11.554718017578125
1931,0.7303618337429032,0.8441723800195886,0.14285714285714285,0.00022527596305474206,8.509445190429688
581,0.6263967611336032,0.770287762620731,0.3170731707317073,0.0008809463881198087,3.06243896484375
1292,0.7182066967160334,0.8359956902609266,0.3436293436293436,0.001555169643088567,14.8162841796875
770,0.6414700354980163,0.7815799516600942,0.4931237721021611,0.006167470546374634,9.843063354492188
2275,0.6845730027548209,0.812755519215045,0.1875,0.0,7.523345947265625
1035,0.6169786448721328,0.7631252853322897,,0.0,4.4879913330078125
789,0.6721051650195786,0.8039029829941455,0.5608465608465608,0.001989279991158756,6.975555419921875
686,0.7271852305538542,0.842046605876393,0.045454545454545456,0.0027337097786143227,8.528900146484375
1274,0.7857513914656772,0.8800232722436936,0.0,0.0,2.76641845703125
615,0.4547632008709853,0.6252058075138452,0.0,0.0,12.953948974609375
2483,0.6885845219092734,0.8155760200036593,0.7084818246614397,0.004183848538662974,13.208770751953125
66,0.6203724994251552,0.7657159074783596,0.8571428571428571,0.002221011607928592,9.105682373046875
2033,0.5194675422004925,0.6837494421870963,0.41830065359477125,0.0009789791423054958,14.086151123046875
265,0.35000472723834736,0.5185237061418866,0.0,0.0,8.515548706054688
1299,0.7699904428161835,0.8700503959683226,,0.0,5.2959442138671875
1238,0.646027397260274,0.784953395472703,0.3118279569892473,0.0,14.420318603515625
886,0.4933634992458522,0.6607413392586607,,0.0029015618283421696,10.64910888671875
1617,0.44062781887064767,0.6117163823978761,0.20972222222222223,0.006510454852048447,13.282394409179688
2226,0.6778764083304882,0.808017092277953,0.7192982456140351,0.009089261988162822,12.654495239257812
1797,0.5990095350728065,0.7492257199648684,0.3490909090909091,0.005203890121139737,9.048080444335938
950,0.7662142969859554,0.8676345767254858,0.74,0.0,11.518096923828125
2329,0.7275011779487985,0.8422583871261023,0.0,0.0,1.4324188232421875
295,0.4833388594164456,0.6516904163174071,,0.0,3.9386749267578125
1450,0.6116790850805753,0.7590581657886248,,0.0005839581057152545,20.250701904296875
1620,0.6097070006709908,0.7575378629984715,0.01775147928994083,0.0002416626389560174,11.114120483398438
1124,0.7844592382407508,0.879212280594459,0.0,0.0003380319778251023,11.2884521484375
246,0.38983085766085,0.5609759713019373,0.03535353535353535,0.0001517853754790726,10.128402709960938
437,0.6458080194410692,0.7847914359542266,,0.0,10.460281372070312
703,0.8534940743767879,0.9209568956013671,0.3333333333333333,0.00022062531517902167,12.11700439453125
2372,0.7749556691352874,0.8732112949196368,,0.0,0.6805419921875
1190,0.6880228524790859,0.8151819170796567,0.6268656716417911,0.003490731971316466,14.225006103515625
2107,0.7449758194519076,0.8538523126193263,0.0,0.0,15.24200439453125
2454,0.6864189073471485,0.8140550421448157,0.5436447166921899,0.0017728446448529696,10.1470947265625
283,0.6786778650772148,0.8085861846352486,0.0,0.0,9.891510009765625
2251,0.49971186301144316,0.6664104956908382,0.0,0.004302700816931709,13.219070434570312
