epoch,train_loss,val_iou,val_f1
1,1.1009068913378959,0.4414476736089387,0.5984782464487562
2,0.8122551674672215,0.475515247153521,0.6311424119334409
3,0.6645923570051031,0.5128842216203594,0.6651610091892486
4,0.5552964959777681,0.5616400684902946,0.7066473438657126
5,0.47818593318853003,0.5743633943915183,0.7178548494388167
6,0.43009791956783017,0.5853937963828945,0.727002166870439
7,0.39428590179163187,0.5913506378476721,0.7307871081521464
8,0.3650410613939587,0.5600275495307899,0.700815586370094
9,0.3433288634104019,0.5993589982232326,0.7382986896194104
10,0.31927330295244855,0.5828685192497118,0.7243835470118501
11,0.3016436841696669,0.591817128803039,0.7320283869811169
12,0.29157328664583,0.591904082238978,0.7310959598919039
13,0.27171287479373696,0.5870653326355688,0.7265981558554211
14,0.25444879064339926,0.5666955237498401,0.7117305538747902
15,0.2459159510003196,0.5936152737301885,0.732801378361527
