sampleid,latitude,longitude,has_solar
0001,21.11011407,72.86434589,1
0002,21.5030457,70.45946829,1
0003,21.19117593,72.79289965,1
0004,21.13615924,72.79990572,1
0005,21.21694986,72.90308857,1
0006,23.45299974,71.99576554,1
0007,21.24767334,72.84232408,1
0008,22.98773751,72.62128461,1
0009,23.00252695,72.60532612,1
0010,23.05396927,72.55982691,1
0011,22.29917479,70.75958762,1
0012,21.21700259,72.89488177,1
0013,21.7262659,70.44028968,1
0014,21.21891176,72.88134893,1
0015,23.06622237,72.51351347,1
0016,22.03418798,71.20493872,1
0017,21.11862822,72.84291726,1
0018,21.74289695,70.27153947,1
0019,21.76093732,70.61912758,1
0020,21.23717499,72.89936005,1
0021,22.98092585,72.60870175,1
0022,21.16804391,72.83912105,1
0023,23.06719377,72.51318087,1
0024,22.97528731,72.49856595,1
0025,21.23991326,72.90801458,1
0026,21.23777066,72.87644408,1
0027,23.00860571,72.55464904,1
0028,21.11003472,72.86054141,1
0029,21.2329636,72.8218993,1
0030,21.21059453,72.78330227,1
0031,21.2622988,72.9579835,1
0032,21.24034616,72.90761225,1
0033,21.21717883,72.89170366,1
0034,21.22016811,72.85440536,1
0035,21.2154966,72.82869656,1
0036,23.03919127,72.66153866,1
0037,23.07479507,72.56304175,1
0038,22.95879278,72.62063796,1
0039,21.7245341,70.44393376,1
0040,22.29492524,70.75648583,1
0041,23.10700347,72.60292792,1
0042,21.2106474,72.78414717,1
0043,21.24118072,72.87625015,1
0044,21.21832973,72.87995248,1
0045,22.98167907,72.5938463,1
0046,21.20150223,72.87458886,1
0047,21.21524705,72.77655094,1
0048,21.13118639,72.89036326,1
0049,23.11078102,72.56469145,1
0050,23.04638936,72.66056356,1
0051,22.37708228,71.97933866,1
0052,21.26256303,72.95797545,1
0053,21.22612402,72.92934974,1
0054,23.00842105,72.66189737,1
0055,23.10842183,72.57423108,1
0056,23.0757838,72.56309271,1
0057,23.06840127,72.67081615,1
0058,22.27756752,70.80376968,1
0059,22.97048094,72.61640455,1
0060,21.21606569,72.89256351,1
0061,21.1968859,72.78091073,1
0062,21.1960853,72.78136939,1
0063,21.2208352,72.82890652,1
0064,22.29189994,70.79017971,1
0065,21.2148151,72.87400805,1
0066,22.31621546,70.79254251,1
0067,23.02327542,72.5721614,1
0068,22.98182871,72.60365971,1
0069,22.45884206,70.05688816,1
0070,21.23041291,72.88963242,1
0071,21.21808107,72.88146963,1
0072,22.29821532,70.79546781,1
0073,21.24677786,72.89100997,1
0074,21.19614069,72.78012752,1
0075,23.02935139,72.46702566,1
0076,21.21746073,72.89413075,1
0077,21.22298529,72.78843246,1
0078,21.7654348,70.62195475,1
0079,23.06878635,72.53798163,1
0080,21.21642441,72.89392661,1
0081,21.22179657,72.88332216,1
0082,22.28903724,70.79349726,1
0083,21.22392771,72.81963021,1
0084,21.22472816,72.81918228,1
0085,22.84952067,72.38961458,1
0086,21.23376312,72.90430723,1
0087,21.20810054,72.875287,1
0088,21.13121661,72.89018624,1
0089,22.31438698,70.81857697,1
0090,23.01164811,72.6412333,1
0091,22.29489026,70.7569874,1
0092,23.06268199,72.52304134,1
0093,23.07430686,72.5482919,1
0094,21.14703348,72.8692544,1
0095,23.04869438,72.53188012,1
0096,21.21691955,72.89293211,1
0097,22.98798113,72.62195516,1
0098,21.22433478,72.82659312,1
0099,22.2806101,70.76124565,1
0100,21.21591717,72.89188759,1
0101,23.04760952,72.64590055,1
0102,23.02770438,72.65124362,1
0103,21.13594516,72.79964554,1
0104,22.45742228,70.06594367,1
0105,21.23644095,72.90993108,1
0106,21.24022283,72.90809773,1
0107,21.23716709,72.88600187,1
0108,23.07424412,72.64737201,1
0109,22.26928487,70.76846816,1
0110,23.05560622,72.67163254,1
0111,23.11902517,72.57685475,1
0112,21.15712706,72.77724308,1
0113,21.21141088,72.78318277,1
0114,21.2243229,72.81875581,1
0115,21.21869779,72.88185855,1
0116,23.04040316,72.66578886,1
0117,21.22904143,72.82446088,1
0118,21.21184638,72.78355023,1
0119,23.07354223,72.65099726,1
0120,21.21941465,72.87958233,1
0121,22.26985404,70.76788538,1
0122,21.20219022,72.87475784,1
0123,22.98707379,72.62145091,1
0124,23.06829505,72.50867277,1
0125,23.00793024,72.52607936,1
0126,21.19712759,72.78087854,1
0127,21.19180512,72.87087378,1
0128,21.22380185,72.81953633,1
0129,21.22361806,72.88820473,1
0130,21.74201657,70.27222344,1
0131,21.74942816,70.61047475,1
0132,21.22726591,72.8294337,1
0133,21.13086706,72.89075638,1
0134,21.7453916,70.27371679,1
0135,22.26272741,70.77720192,1
0136,22.99943193,72.52969848,1
0137,21.95059713,70.79060729,1
0138,21.19563465,72.78023749,1
0139,22.31295542,70.7649421,1
0140,21.24038895,72.9078,1
0141,21.22725286,72.81598385,1
0142,23.03985641,72.44913755,1
0143,21.2266991,72.81746711,1
0144,23.04684407,72.66031411,1
0145,21.21822348,72.89150518,1
0146,23.10634529,72.60276967,1
0147,21.18002577,72.80846935,1
0148,21.1365597,72.80009347,1
0149,23.10827778,72.57432227,1
0150,22.27492249,70.774254,1
0151,23.0549478,72.67235942,1
0152,21.22181419,72.88480274,1
0153,21.22179406,72.88411073,1
0154,23.05330339,72.56049746,1
0155,21.17983189,72.80782293,1
0156,22.27030383,70.76828502,1
0157,22.26563482,70.77777889,1
0158,22.28476785,70.75717936,1
0159,23.04210134,72.57821184,1
0160,23.06825718,72.6709288,1
0161,23.07024537,72.65748315,1
0162,23.07308513,72.65129767,1
0163,21.74415006,70.27494525,1
0164,22.27447271,70.77426204,1
0165,22.27789485,70.80497667,1
0166,21.17364333,72.78807589,1
0167,22.9997935,72.50175749,1
0168,23.0546603,72.64540081,1
0169,21.21166449,72.88424471,1
0170,21.20567348,72.78557597,1
0171,21.21982244,72.87981569,1
0172,23.0109835,72.52686432,1
0173,21.20248658,72.87468542,1
0174,21.13603835,72.80051994,1
0175,21.32918871,72.75388618,1
0176,21.22031496,72.88902098,1
0177,22.98682181,72.61942677,1
0178,23.03008827,72.63866239,1
0179,21.19666687,72.78056741,1
0180,21.2302247,72.78386583,1
0181,22.43474943,70.60480688,1
0182,22.33465023,70.76854362,1
0183,21.21812783,72.89281409,1
0184,21.21628596,72.89293956,1
0185,21.24077079,72.88937936,1
0186,22.03606197,71.19929802,1
0187,21.21440124,72.77644902,1
0188,21.22177644,72.88487516,1
0189,21.20495097,72.78674542,1
0190,21.21652007,72.89309781,1
0191,21.24342292,72.84710142,1
0192,21.2299977,72.86596977,1
0193,22.26302979,70.77755866,1
0194,21.22173678,72.78745614,1
0195,21.21476728,72.87376397,1
0196,21.23470987,72.93926326,1
0197,22.28827269,70.79374402,1
0198,21.22438327,72.8870943,1
0199,22.99956233,72.50212495,1
0200,22.31196003,70.81606665,1
0201,23.01904643,72.52068341,1
0202,23.0691267,72.53851003,1
0203,21.15246485,72.8737421,1
0204,22.98841588,72.60253129,1
0205,21.75283385,70.61249249,1
0206,21.25877776,72.85096548,1
0207,22.29860756,70.79580309,1
0208,21.76052602,70.61946822,1
0209,23.05525589,72.67224408,1
0210,23.03249452,72.64782222,1
0211,22.98022232,72.60923551,1
0212,21.21683896,72.89451431,1
0213,21.21793035,72.80916529,1
0214,22.94913091,72.60062601,1
0215,22.98676305,72.6221456,1
0216,22.3076197,70.78304327,1
0217,21.21894007,72.88354058,1
0218,22.31121309,70.81548461,1
0219,21.21394802,72.87808385,1
0220,21.2164362,72.8949676,1
0221,21.20087128,72.86842683,1
0222,22.99830899,72.6232551,1
0223,22.26030622,70.80997891,1
0224,23.05755401,72.65237359,1
0225,21.22707756,72.8856123,1
0226,23.11765182,72.57648997,1
0227,23.1115559,72.56546393,1
0228,22.03720836,71.20033872,1
0229,21.14725289,72.86927125,1
0230,22.29928253,70.77483827,1
0231,21.3292365,72.75435825,1
0232,22.98693209,72.6229449,1
0233,23.02150438,72.58506239,1
0234,22.29424204,70.79412227,1
0235,21.17384425,72.85549079,1
0236,22.33349233,70.76948589,1
0237,22.27924779,70.77479469,1
0238,21.21793652,72.89273631,1
0239,23.10707053,72.60323906,1
0240,21.13152948,72.88989271,1
0241,21.21053415,72.88550458,1
0242,21.23758238,72.88629691,1
0243,23.05352203,72.56040895,1
0244,21.21900938,72.87993907,1
0245,21.21683472,72.8945167,1
0246,22.25789074,70.81266256,1
0247,22.28046965,70.77458816,1
0248,21.23163874,72.89115038,1
0249,22.25525235,70.80962484,1
0250,23.00273077,72.60503912,1
0251,22.29070548,70.75757813,1
0252,23.05903789,72.6519449,1
0253,22.31290046,70.76542758,1
0254,22.29125015,70.75871003,1
0255,21.21978049,72.82968973,1
0256,22.29487277,70.75689084,1
0257,23.07280865,72.66168589,1
0258,23.00121704,72.60388309,1
0259,23.0689205,72.67087248,1
0260,21.21417206,72.87960466,1
0261,21.21975532,72.82981311,1
0262,23.11130796,72.60076595,1
0263,21.19587886,72.78143376,1
0264,22.29906517,70.7743072,1
0265,21.95150127,70.79130734,1
0266,23.07394598,72.54677778,1
0267,22.28014732,70.77442187,1
0268,21.19633666,72.80595779,1
0269,21.25893152,72.85133143,1
0270,22.2701614,70.76888852,1
0271,23.00600157,72.66269965,1
0272,21.23229568,72.8917512,1
0273,21.1702458,72.81220056,1
0274,21.2262977,72.93028583,1
0275,21.20201832,72.87443598,1
0276,23.0124174,72.59297394,1
0277,23.00841856,72.66201003,1
0278,22.96953343,72.60865586,1
0279,21.21533757,72.87949737,1
0280,23.06967326,72.53745592,1
0281,22.99943384,72.52969423,1
0282,22.27494248,70.77388653,1
0283,21.23222275,72.8291009,1
0284,21.22731075,72.81669732,1
0285,23.07190437,72.66138012,1
0286,21.22422721,72.88789896,1
0287,21.74227492,70.27209469,1
0288,21.20077008,72.86310607,1
0289,21.14725006,72.8692705,1
0290,21.21488307,72.87469737,1
0291,22.25914529,70.78521032,1
0292,22.19531499,70.82636665,1
0293,23.03413487,72.43091005,1
0294,23.05808074,72.65175131,1
0295,22.27737741,70.79498426,1
0296,21.22298529,72.78815888,1
0297,21.21125411,72.88608662,1
0298,21.1912439,72.79273335,1
0299,22.27501245,70.77375242,1
0300,23.03915648,72.6613965,1
0301,21.26220318,72.95769919,1
0302,21.17032448,72.89518315,1
0303,21.2471094,72.8917242,1
0304,22.23586253,70.81214828,1
0305,21.12494241,72.8581332,1
0306,22.98774248,72.62290734,1
0307,21.20494593,72.78698413,1
0308,21.21731476,72.89147567,1
0309,22.94946163,72.60195638,1
0310,22.2489975,70.78173259,1
0311,21.21528558,72.8720734,1
0312,22.28025843,70.8275445,1
0313,21.24654313,72.89148548,1
0314,21.14676935,72.86920653,1
0315,23.00637191,72.66255481,1
0316,21.22078077,72.8934923,1
0317,23.04682863,72.67017481,1
0318,21.73991135,70.27870338,1
0319,23.25613492,72.64002764,1
0320,21.2178501,72.88306047,1
0321,21.24146544,72.88920233,1
0322,21.22065125,72.8840249,1
0323,22.30673783,70.78297085,1
0324,22.33358974,70.76917743,1
0325,21.21827803,72.8839295,1
0326,21.13117379,72.89032035,1
0327,22.98126439,72.60472991,1
0328,22.31209992,70.81928321,1
0329,23.0292993,72.6516081,1
0330,21.74204166,70.27222076,1
0331,21.69397276,72.97060734,1
0332,21.22954761,72.78452029,1
0333,21.24730134,72.89154373,1
0334,23.00650381,72.64155971,1
0335,21.21611101,72.8923677,1
0336,22.334905,70.76887889,1
0337,23.00878641,72.66158892,1
0338,23.10907006,72.57380461,1
0339,21.23343068,72.90489726,1
0340,22.33463274,70.76844438,1
0341,21.76033637,70.62021154,1
0342,21.20951163,72.77741615,1
0343,22.27803728,70.8051537,1
0344,22.97627056,72.61591186,1
0345,21.20081791,72.8641414,1
0346,23.02727693,72.65250426,1
0347,21.23409033,72.90404974,1
0348,22.28713782,70.75253335,1
0349,21.20974618,72.78341225,1
0350,22.98106303,72.60483184,1
0351,22.27625884,70.76134681,1
0352,23.11813609,72.57723294,1
0353,21.22653179,72.92981108,1
0354,22.29333011,70.79362875,1
0355,21.2155854,72.82962449,1
0356,23.11868245,72.57815294,1
0357,21.76000188,70.61929388,1
0358,22.24968272,70.8128628,1
0359,21.29540382,72.91634216,1
0360,21.21817421,72.88277854,1
0361,23.00757424,72.55501382,1
0362,22.29804043,70.79519155,1
0363,21.19705206,72.78122455,1
0364,21.13624934,73.12377551,1
0365,23.07377327,72.65231959,1
0366,23.05940808,72.6505716,1
0367,21.22920986,72.86590003,1
0368,21.22177957,72.7887731,1
0369,23.11804669,72.57661335,1
0370,21.1645907,72.81434641,1
0371,21.21704541,72.89205235,1
0372,22.29477283,70.75650461,1
0373,23.03975702,72.44824438,1
0374,21.24070032,72.88881878,1
0375,21.13084691,72.89040233,1
0376,22.47304665,70.06115166,1
0377,21.22003303,72.88850332,1
0378,21.74271134,70.27143755,1
0379,23.02055173,72.66925971,1
0380,21.14750977,72.86928467,1
0381,21.21776028,72.89433192,1
0382,21.20079022,72.86336356,1
0383,23.10586595,72.60262752,1
0384,21.14074327,72.88089388,1
0385,21.40339696,72.90353259,1
0386,23.01142004,72.64609382,1
0387,23.05429506,72.64434939,1
0388,22.25960399,70.80898649,1
0389,22.29983216,70.77505017,1
0390,22.26925739,70.76972612,1
0391,23.06887827,72.5368712,1
0392,22.29915261,70.77431793,1
0393,21.13093199,72.89061807,1
0394,23.04252236,72.64985405,1
0395,21.23761041,72.89911865,1
0396,21.21204022,72.78355023,1
0397,21.22710435,72.81650152,1
0398,21.19663877,72.80651837,1
0399,23.05789937,72.6522207,1
0400,23.03926085,72.66133481,1
0401,21.22066384,72.90146443,1
0402,23.10635523,72.60283673,1
0403,22.24961025,70.81263749,1
0404,21.11016949,72.86374507,1
0405,21.22798281,72.8168958,1
0406,23.05389006,72.64504945,1
0407,21.22928055,72.8608551,1
0408,22.3144894,70.81871644,1
0409,21.22049015,72.88459621,1
0410,23.00857017,72.66188665,1
0411,23.04143788,72.57920157,1
0412,21.22697095,72.81709965,1
0413,23.03445792,72.43087786,1
0414,21.28660877,72.97700299,1
0415,21.22170595,72.88487784,1
0416,22.98107998,72.6094179,1
0417,21.14940516,72.87875254,1
0418,21.2275803,72.88668461,1
0419,21.21749097,72.89263975,1
0420,21.21952204,72.88873935,1
0421,22.98628983,72.61943481,1
0422,21.11570696,72.8328087,1
0423,23.0387912,72.66131604,1
0424,23.00207208,72.60426397,1
0425,22.31614052,70.79269003,1
0426,23.01150454,72.64596239,1
0427,22.27983248,70.77371108,1
0428,23.01249196,72.59280227,1
0429,22.33501989,70.76933487,1
0430,23.06850622,72.50876933,1
0431,23.07275969,72.65253685,1
0432,22.9811645,72.61006967,1
0433,23.07689933,72.59444099,1
0434,21.75045145,70.61068665,1
0435,22.29901021,70.77440644,1
0436,21.75304077,70.62283123,1
0437,22.28846258,70.79408735,1
0438,21.19642115,72.78913796,1
0439,22.47339099,70.06207971,1
0440,22.29838031,70.76019917,1
0441,21.22101392,72.83047293,1
0442,22.33381204,70.76946711,1
0443,21.23754714,72.88580875,1
0444,21.22942334,72.86524438,1
0445,22.25966222,70.80843213,1
0446,22.2762978,70.80438589,1
0447,23.02980378,72.65157592,1
0448,22.27001896,70.76889657,1
0449,22.32042539,70.77275015,1
0450,23.25532119,72.64014297,1
0451,22.24941488,70.78217248,1
0452,22.26328485,70.7890333,1
0453,22.27481004,70.77531883,1
0454,21.31614658,72.88248461,1
0455,22.31300788,70.76491528,1
0456,21.21120949,72.78363338,1
0457,21.74458819,70.61477751,1
0458,22.29089537,70.75839084,1
0459,22.99410155,72.60971335,1
0460,22.33361721,70.76921574,1
0461,22.32063022,70.77347434,1
0462,23.05896524,72.65262571,1
0463,21.1275391,73.11039356,1
0464,21.21505627,72.89151208,1
0465,21.21965212,72.82934372,1
0466,21.22158765,72.88489125,1
0467,21.22144165,72.88480006,1
0468,23.04202539,72.64919959,1
0469,22.96975967,72.60828572,1
0470,21.951351,70.79065825,1
0471,23.06980681,72.54444443,1
0472,21.14706622,72.86925172,1
0473,21.21104514,72.78298846,1
0474,21.19871007,72.79747936,1
0475,21.23901474,72.90785096,1
0476,22.26991901,70.76853715,1
0477,22.99907208,72.62358502,1
0478,21.19071015,72.79218618,1
0479,22.29895025,70.77535594,1
0480,21.29679312,72.75864292,1
0481,22.33357475,70.76958321,1
0482,21.1366403,72.80023831,1
0483,21.13665289,72.80028659,1
0484,22.09745801,70.77814029,1
0485,22.26266743,70.77720729,1
0486,21.2058069,72.78613655,1
0487,21.23399197,72.90483289,1
0488,23.00819413,72.64790198,1
0489,22.96832845,72.61759732,1
0490,22.27526732,70.77409574,1
0491,21.23813644,72.89945929,1
0492,22.2779923,70.80422566,1
0493,21.21801562,72.88185318,1
0494,22.29121286,70.79236624,1
0495,21.22076453,72.90075364,1
0496,21.22652173,72.93063184,1
0497,21.22929282,72.89061411,1
0498,22.26311491,70.78948391,1
0499,21.14787998,72.86929003,1
0500,21.13664282,72.80038315,1
0501,23.03968637,72.66066402,1
0502,23.07447208,72.55596589,1
0503,22.31197002,70.8167667,1
0504,21.20985946,72.78403184,1
0505,22.26191273,70.77789125,1
0506,21.74353727,70.61452538,1
0507,23.06609815,72.5123172,1
0508,21.19119355,72.79270921,1
0509,21.22973844,72.86723577,1
0510,23.0691087,72.54510426,1
0511,22.27017889,70.76899849,1
0512,23.04859002,72.53187207,1
0513,23.04788519,72.66063866,1
0514,21.12756681,73.11121968,1
0515,22.97773982,72.61599233,1
0516,21.21463638,72.83065446,1
0517,22.96946133,72.60837155,1
0518,23.04235588,72.64969044,1
0519,21.21523446,72.77651071,1
0520,22.24893502,70.78182647,1
0521,21.22226247,72.85395324,1
0522,21.10980549,72.86061651,1
0523,21.23233184,72.8219449,1
0524,22.98083929,72.60385819,1
0525,22.25995998,70.78560461,1
0526,22.9814409,72.60515638,1
0527,23.0398912,72.44867353,1
0528,21.93036125,70.60394297,1
0529,21.20946632,72.77727131,1
0530,21.25878027,72.85109959,1
0531,21.2423997,72.8870084,1
0532,23.04630872,72.67202379,1
0533,23.04694594,72.66162035,1
0534,21.14064504,72.88125061,1
0535,21.23031143,72.90280041,1
0536,22.27662116,70.76171159,1
0537,21.19806557,72.79675784,1
0538,23.03028588,72.65499393,1
0539,21.22144279,72.89325895,1
0540,21.22073684,72.88412146,1
0541,21.21630862,72.89305221,1
0542,23.0394503,72.66065329,1
0543,22.25547477,70.81064676,1
0544,21.23416137,72.82867516,1
0545,22.98109783,72.60457971,1
0546,22.22439753,70.7329456,1
0547,21.96833959,70.79402831,1
0548,21.19716787,72.78041184,1
0549,22.30743754,70.75340344,1
0550,21.22612934,72.92942179,1
0551,23.06908198,72.53846711,1
0552,22.3069479,70.75399621,1
0553,22.27558217,70.77507207,1
0554,21.22241602,72.8537923,1
0555,21.21855628,72.8799337,1
0556,21.12715121,73.11032919,1
0557,21.24406218,72.84614923,1
0558,21.19660242,72.78893947,1
0559,23.06579427,72.56234561,1
0560,23.10929359,72.57422035,1
0561,23.10594791,72.60244244,1
0562,22.33493747,70.76940461,1
0563,22.23274238,73.1846337,1
0564,21.19641007,72.78054595,1
0565,23.07401994,72.55631189,1
0566,23.01045511,72.64969808,1
0567,23.0466212,72.67083021,1
0568,21.21844804,72.87940799,1
0569,21.40004817,72.91810904,1
0570,22.2729096,70.80528873,1
0571,22.43420033,70.60498659,1
0572,22.29216228,70.79083685,1
0573,21.40339696,72.90341189,1
0574,21.22369357,72.88845686,1
0575,21.21816162,72.88195242,1
0576,23.04671681,72.67001388,1
0577,21.22158827,72.80878163,1
0578,21.12687414,73.11108825,1
0579,21.12737538,73.11087367,1
0580,21.40330897,72.9033958,1
0581,21.2141078,72.87574058,1
0582,21.20109232,72.86362641,1
0583,21.15787436,72.86869326,1
0584,23.07352491,72.64353446,1
0585,22.28918466,70.79358041,1
0586,21.22172975,72.8935379,1
0587,22.2948328,70.75687207,1
0588,22.98065736,72.60908799,1
0589,21.22922486,72.89053364,1
0590,21.1955713,72.8063172,1
0591,21.13054411,72.88974367,1
0592,23.03982163,72.44884251,1
0593,22.26257497,70.77645627,1
0594,22.2762978,70.80425982,1
0595,21.23417647,72.8277337,1
0596,21.75987241,70.61986286,1
0597,21.19118348,72.792213,1
0598,22.96976713,72.60837691,1
0599,22.28108262,70.78943679,1
0600,23.05559877,72.67182566,1
0601,21.13678638,72.79983061,1
0602,22.98662294,72.6204165,1
0603,23.06036708,72.63367819,1
0604,23.06245342,72.52413568,1
0605,21.19856405,72.79655668,1
0606,21.23235449,72.82072986,1
0607,21.11567673,72.83291867,1
0608,23.02053362,72.60799235,1
0609,23.06881804,72.54526251,1
0610,23.04284855,72.6469035,1
0611,23.0290508,72.65372793,1
0612,23.03978576,72.65937388,1
0613,22.27385165,70.80434727,1
0614,21.19308158,72.87084964,1
0615,21.22199543,72.88326047,1
0616,22.22420755,70.73252449,1
0617,22.2694548,70.76860496,1
0618,23.10498628,72.6716449,1
0619,21.11888767,72.84272682,1
0620,22.30725268,70.75406595,1
0621,23.06840806,72.65683026,1
0622,21.22064485,72.89371493,1
0623,22.27440274,70.77379802,1
0624,21.74450542,70.61469436,1
0625,23.05324624,72.56081664,1
0626,23.0736416,72.65204869,1
0627,21.16411729,72.81399236,1
0628,21.14827187,72.87817318,1
0629,23.02707564,72.6525123,1
0630,23.11827268,72.57682257,1
0631,23.00187323,72.60518933,1
0632,22.25288247,70.81124676,1
0633,22.27360927,70.80454039,1
0634,21.25316059,72.84432473,1
0635,22.27041878,70.76942228,1
0636,22.28049714,70.77374058,1
0637,23.01917069,72.52058954,1
0638,21.75997022,70.61951417,1
0639,21.2119489,72.88500837,1
0640,21.23408838,72.82868857,1
0641,22.33382775,70.82260385,1
0642,21.78349863,70.8114515,1
0643,22.23714245,70.79070542,1
0644,21.20483517,72.78571545,1
0645,22.27422484,70.76202525,1
0646,21.22646131,72.92994787,1
0647,23.02019137,72.66949843,1
0648,22.30734511,70.75387283,1
0649,21.19664169,72.78080612,1
0650,22.308192,70.7535912,1
0651,23.03065109,72.46779545,1
0652,23.07526764,72.64813108,1
0653,21.21548775,72.79269246,1
0654,21.196114,72.78809994,1
0655,21.83438127,70.82294216,1
0656,22.26228275,70.78922105,1
0657,22.96867155,72.61735324,1
0658,23.02106201,72.58613528,1
0659,22.28058209,70.77441114,1
0660,21.23281926,72.90568589,1
0661,23.03209443,72.64781685,1
0662,23.06276398,72.52295015,1
0663,21.22693067,72.81681265,1
0664,22.2697141,70.76938205,1
0665,21.25892371,72.8513249,1
0666,21.74374796,70.61467558,1
0667,22.3956444,72.17951079,1
0668,21.17998296,72.8084318,1
0669,22.29229202,70.75805557,1
0670,21.22089307,72.85441878,1
0671,21.22753776,72.82999428,1
0672,21.20490817,72.78618483,1
0673,21.2064441,72.87045175,1
0674,23.06986892,72.54406356,1
0675,22.24937239,70.78218857,1
0676,23.11819818,72.57795446,1
0677,21.2274753,72.90080461,1
0678,23.0067522,72.66251189,1
0679,23.08947404,72.65361615,1
0680,22.33324755,70.76951539,1
0681,23.05908012,72.65134408,1
0682,23.04022921,72.51541265,1
0683,21.21794407,72.89205235,1
0684,23.0397311,72.66104221,1
0685,23.05749439,72.65236017,1
0686,21.21016414,72.88517007,1
0687,21.19096947,72.79171948,1
0688,21.13675055,73.12263289,1
0689,21.21144548,72.88511643,1
0690,21.20580439,72.78624384,1
0691,23.0688882,72.53853417,1
0692,21.12487658,73.11068502,1
0693,21.74462331,70.61564118,1
0694,21.22060846,72.88451574,1
0695,21.21986104,72.82979702,1
0696,22.27991112,70.82683103,1
0697,23.04860493,72.53194717,1
0698,23.00836139,72.66123755,1
0699,21.12510831,73.11162915,1
0700,21.26343206,72.78187586,1
0701,23.0466199,72.67082927,1
0702,21.16238383,72.85798041,1
0703,23.0463496,72.66127971,1
0704,23.05375341,72.64394438,1
0705,23.03880671,72.66029924,1
0706,23.03938187,72.66525242,1
0707,21.22723822,72.83004525,1
0708,21.40232345,72.90356746,1
0709,21.22116979,72.88486979,1
0710,22.94744167,72.66580114,1
0711,22.28829494,70.79226519,1
0712,22.2781947,70.80430076,1
0713,21.19132699,72.79248927,1
0714,21.19875539,72.79745522,1
0715,21.15904031,72.86853769,1
0716,21.23230575,72.89145615,1
0717,22.94909362,72.60038729,1
0718,22.30370947,70.77038557,1
0719,21.95099285,70.79112764,1
0720,21.20219203,72.87475248,1
0721,21.21791135,72.89151054,1
0722,21.15838116,72.77803433,1
0723,22.24952234,70.78077236,1
0724,22.98116202,72.60994898,1
0725,21.93077206,70.60345749,1
0726,22.27396281,70.78413685,1
0727,21.75999937,70.61942531,1
0728,21.19546193,72.78954029,1
0729,21.19656717,72.78831452,1
0730,21.22671924,72.81699773,1
0731,23.04646526,72.67088117,1
0732,22.25159007,70.68589306,1
0733,21.2273913,72.8175288,1
0734,21.22658331,72.81631913,1
0735,22.26954168,70.76842986,1
0736,21.22754578,72.90127399,1
0737,21.1963572,72.78123259,1
0738,21.20596047,72.78578787,1
0739,22.95388425,72.6187473,1
0740,22.96935442,72.60838227,1
0741,21.21016519,72.87625708,1
0742,22.03335946,71.20405359,1
0743,23.06834098,72.65769393,1
0744,22.29423954,70.79285091,1
0745,23.04144533,72.57881802,1
0746,23.02819643,72.65237014,1
0747,23.00638931,72.66221953,1
0748,22.26962472,70.76938548,1
0749,21.17006008,72.8954621,1
0750,21.1716133,72.87040461,1
0751,22.28721982,70.76211948,1
0752,23.00090345,72.31665627,1
0753,21.21713352,72.89131474,1
0754,22.98822695,72.60262785,1
0755,23.02020379,72.67022799,1
0756,21.21413223,72.82832105,1
0757,23.07238135,72.66168321,1
0758,21.15785484,72.77808797,1
0759,22.29991223,70.82325551,1
0760,22.2848703,70.75581411,1
0761,21.23012597,72.89042099,1
0762,21.19119355,72.79205475,1
0763,21.21213588,72.78381041,1
0764,22.33481758,70.76873405,1
0765,22.21427,70.69178624,1
0766,23.11111176,72.59986204,1
0767,22.99418358,72.61098204,1
0768,21.19714773,72.78064251,1
0769,22.43420532,70.60427044,1
0770,21.23238721,72.82046163,1
0771,21.22830162,72.80852414,1
0772,21.12669783,73.11174003,1
0773,23.11095778,72.59972793,1
0774,23.10870497,72.57439201,1
0775,22.29122992,70.79382187,1
0776,22.29031048,70.7949877,1
0777,21.23789042,72.85051003,1
0778,22.28187741,70.80955638,1
0779,21.19666284,72.78898239,1
0780,23.05410374,72.64463102,1
0781,23.0398454,72.6604414,1
0782,21.74404392,70.61445833,1
0783,22.22474998,70.73267201,1
0784,21.19330314,72.86989477,1
0785,22.27765497,70.80475673,1
0786,23.0619764,72.52330956,1
0787,23.07287076,72.66102338,1
0788,22.29014277,70.77757312,1
0789,21.22603549,72.88552647,1
0790,21.15340756,72.80092531,1
0791,21.20228588,72.87456204,1
0792,22.98071454,72.60906116,1
0793,22.30646024,70.81982149,1
0794,23.03974849,72.6602,1
0795,21.2106223,72.88549194,1
0796,21.20485027,72.78601854,1
0797,23.06945961,72.5372628,1
0798,23.06836213,72.50959009,1
0799,23.04224298,72.57889848,1
0800,21.21196149,72.88527123,1
0801,21.21107607,72.78372189,1
0802,23.07199629,72.6613077,1
0803,23.07945271,72.57449994,1
0804,21.23840289,72.88589726,1
0805,22.99827419,72.6234965,1
0806,21.21078698,72.8764958,1
0807,21.23359789,72.82170618,1
0808,21.24495352,72.88832601,1
0809,21.2275247,72.81676974,1
0810,21.1103748,72.86002642,1
0811,21.22836203,72.80854292,1
0812,21.20640885,72.87068779,1
0813,23.05572797,72.67253912,1
0814,22.27317947,70.80385375,1
0815,22.28708489,70.76275784,1
0816,23.06795717,72.50940501,1
0817,22.33380954,70.76946519,1
0818,22.26945234,70.78973102,1
0819,21.21890421,72.88153936,1
0820,21.21664089,72.89332044,1
0821,23.06797578,72.65672029,1
0822,21.22350754,72.88837908,1
0823,23.07509066,72.55620461,1
0824,21.14182537,72.94368092,1
0825,21.15704565,72.86120612,1
0826,21.3292038,72.75427242,1
0827,21.27344828,72.91277667,1
0828,22.31659516,70.79283487,1
0829,23.0738895,72.54935137,1
0830,21.21725445,72.90258431,1
0831,21.21447917,72.8788,1
0832,22.25854513,70.80948356,1
0833,22.33359723,70.76912991,1
0834,23.060401,72.67427563,1
0835,21.14860682,72.87751067,1
0836,22.97711582,72.61615326,1
0837,22.31498697,70.77330455,1
0838,22.2811201,70.79008321,1
0839,22.25517237,70.80997353,1
0840,22.26954976,70.76842793,1
0841,22.29599469,70.78909848,1
0842,21.24123389,72.88904408,1
0843,23.00473937,72.52575329,1
0844,21.15806889,72.77810675,1
0845,22.24960732,70.78155825,1
0846,21.15265709,72.80117743,1
0847,21.22108924,72.88444869,1
0848,22.96708812,72.60343837,1
0849,23.0304162,72.57796134,1
0850,21.20597054,72.78720407,1
0851,21.15699781,72.86114711,1
0852,21.22704394,72.81704869,1
0853,22.29580731,70.78839306,1
0854,21.26231138,72.95802641,1
0855,21.19653595,72.78098583,1
0856,23.06841678,72.50862986,1
0857,21.20243875,72.87442525,1
0858,23.02128568,72.58612455,1
0859,23.04687403,72.64624119,1
0860,22.30732013,70.7533042,1
0861,23.03761467,72.52510949,1
0862,21.21412033,72.87375324,1
0863,21.19649819,72.78046012,1
0864,21.25337451,72.8439224,1
0865,21.7446534,70.61520666,1
0866,22.33377207,70.76947248,1
0867,22.98268059,72.37951493,1
0868,22.33416817,70.76859994,1
0869,22.29070024,70.79256397,1
0870,21.22166379,72.80860192,1
0871,21.14807886,72.79749676,1
0872,22.26958974,70.76958665,1
0873,21.2262675,72.93026437,1
0874,21.20334811,72.86524717,1
0875,23.00808873,72.55404554,1
0876,23.10609693,72.60249877,1
0877,21.19586878,72.78108239,1
0878,22.33455532,70.7694663,1
0879,22.82727872,72.27881618,1
0880,22.29235216,70.79027359,1
0881,23.04171545,72.64644752,1
0882,21.21684731,72.8938542,1
0883,22.3142196,70.81867353,1
0884,23.11104222,72.59989155,1
0885,22.98092879,72.60508396,1
0886,23.06900436,72.54507743,1
0887,23.00274319,72.60519201,1
0888,23.039854,72.51528927,1
0889,21.20597809,72.78596758,1
0890,22.21138998,70.75829662,1
0891,22.97738431,72.61607548,1
0892,21.19563061,72.7886498,1
0893,23.0687795,72.50889271,1
0894,23.07440808,72.64695895,1
0895,21.25318324,72.84444812,1
0896,21.21766038,72.89331507,1
0897,22.2988449,70.79566361,1
0898,22.30660293,70.78361726,1
0899,21.2186229,72.88327236,1
0900,21.74235518,70.27131953,1
0901,21.15373998,72.80147784,1
0902,22.27719507,70.76417043,1
0903,22.27950515,70.77359843,1
0904,21.23381598,72.90451913,1
0905,21.21666318,72.87566204,1
0906,22.28961969,70.77621988,1
0907,21.1964287,72.78907627,1
0908,21.11480516,72.83348194,1
0909,22.2493274,70.7821993,1
0910,22.27451019,70.7742379,1
0911,22.97679263,72.61505355,1
0912,23.00857937,72.64777055,1
0913,22.27030133,70.76825284,1
0914,21.15809659,72.77782243,1
0915,23.08680057,72.61899163,1
0916,23.06198385,72.52404449,1
0917,21.2293634,72.86730819,1
0918,21.22180527,72.89387586,1
0919,21.24023438,72.87596852,1
0920,22.98164181,72.60881708,1
0921,21.21043853,72.88555095,1
0922,22.28840041,70.77595435,1
0923,21.11485806,72.83328614,1
0924,22.29589725,70.78816239,1
0925,23.04645839,72.6700863,1
0926,21.19560444,72.78022408,1
0927,21.22082608,72.89381417,1
0928,22.2899329,70.79489114,1
0929,21.21685234,72.89438795,1
0930,23.04085534,72.44993685,1
0931,22.24889003,70.78176478,1
0932,21.21832334,72.88474758,1
0933,21.22318415,72.78877579,1
0934,22.31192256,70.81607201,1
0935,21.21089417,72.88511106,1
0936,23.1267591,72.04673812,1
0937,21.21618676,72.87242477,1
0938,21.21128185,72.88421521,1
0939,23.10911973,72.57405942,1
0940,23.03879926,72.66024023,1
0941,23.06901987,72.53788775,1
0942,21.21455972,72.87918624,1
0943,21.19164673,72.7916712,1
0944,21.21202946,72.88633338,1
0945,22.98134101,72.60929988,1
0946,21.23247279,72.8217035,1
0947,22.29825279,70.79550805,1
0948,21.13069523,72.89012187,1
0949,21.75056431,70.61079393,1
0950,22.98682181,72.61926315,1
0951,21.2144854,72.87585592,1
0952,21.21451555,72.82976397,1
0953,21.21997765,72.88813049,1
0954,23.00133883,72.60374898,1
0955,22.29828787,70.75956348,1
0956,21.22169651,72.80810572,1
0957,21.69339568,72.9691214,1
0958,22.29335759,70.79299084,1
0959,21.23652179,72.87720006,1
0960,21.19893413,72.7971709,1
0961,21.23637329,72.87732612,1
0962,22.29906486,70.76058004,1
0963,22.2921273,70.78939114,1
0964,22.26003882,70.80982334,1
0965,23.04622731,72.67019359,1
0966,21.19556012,72.78899848,1
0967,22.2696647,70.76863446,1
0968,22.96961823,72.61732187,1
0969,23.04666405,72.67075779,1
0970,22.2879104,70.79440921,1
0971,22.96663811,72.60341691,1
0972,23.1175351,72.57675015,1
0973,21.24708423,72.89114752,1
0974,22.28867246,70.79478204,1
0975,21.21649158,72.89472084,1
0976,22.27321945,70.80516803,1
0977,23.06992489,72.6570379,1
0978,21.22160641,72.89332869,1
0979,21.23028374,72.90321615,1
0980,21.21683645,72.89386253,1
0981,23.05897826,72.65127434,1
0982,23.07542852,72.55547236,1
0983,21.22827645,72.80872799,1
0984,23.06236646,72.52407936,1
0985,23.07026773,72.65689038,1
0986,22.29484779,70.75699813,1
0987,21.19284744,72.87104812,1
0988,21.20093372,72.86311143,1
0989,21.19804795,72.79696169,1
0990,21.22438009,72.8256463,1
0991,22.27709026,70.80386356,1
0992,21.22941364,72.89132221,1
0993,23.00455046,72.52543143,1
0994,22.97696914,72.61530568,1
0995,23.05286857,72.55919123,1
0996,21.1583182,72.77759981,1
0997,23.00646023,72.5923786,1
0998,21.19550081,72.80662834,1
0999,21.22677965,72.81608577,1
1000,21.15798327,72.77789485,1
1001,22.27955513,70.77484029,1
1002,21.21307053,72.87299306,1
1003,23.06581741,72.51212408,1
1004,22.26951977,70.7693828,1
1005,21.21981152,72.88767452,1
1006,21.24661108,72.89157131,1
1007,22.26483265,70.77828583,1
1008,22.22468249,70.73288659,1
1009,23.04620436,72.67190041,1
1010,23.0531717,72.5599798,1
1011,22.28100266,70.7901449,1
1012,22.29878536,70.77539081,1
1013,21.22697095,72.81622525,1
1014,23.00700323,72.66304834,1
1015,21.214946,72.87385784,1
1016,21.22461233,72.88794992,1
1017,23.06838945,72.50870227,1
1018,22.33359473,70.76913184,1
1019,23.10587836,72.60251755,1
1020,21.21788617,72.89152127,1
1021,22.29217727,70.78933749,1
1022,21.24439943,72.84713092,1
1023,22.03713969,71.2114537,1
1024,22.27697268,70.76356425,1
1025,23.10682961,72.60324979,1
1026,23.11294836,72.58180198,1
1027,21.21768993,72.90290886,1
1028,21.22951741,72.78391948,1
1029,21.22449426,72.88755296,1
1030,23.10638007,72.60205084,1
1031,22.29813797,70.76003555,1
1032,21.21522794,72.83030041,1
1033,21.17298562,72.86969382,1
1034,21.20139971,72.87459155,1
1035,23.04755237,72.64615268,1
1036,21.19103242,72.79256706,1
1037,23.0894343,72.65307971,1
1038,21.19611652,72.78841913,1
1039,21.2117759,72.78362533,1
1040,21.22429517,72.88712112,1
1041,21.73880773,70.27869266,1
1042,22.98133649,72.60441878,1
1043,22.27938522,70.77449697,1
1044,22.29221975,70.7933372,1
1045,23.04238636,72.6464958,1
1046,22.25872544,70.81227633,1
1047,22.2524223,70.68907014,1
1048,22.27479255,70.77528396,1
1049,22.26466772,70.77741411,1
1050,21.21767221,72.89222401,1
1051,21.14730829,72.86930344,1
1052,22.31125306,70.81552216,1
1053,21.23033488,72.89129271,1
1054,22.27534728,70.77423522,1
1055,21.22966749,72.86575936,1
1056,21.20594788,72.78596758,1
1057,22.96958094,72.61714752,1
1058,21.31623211,72.88312029,1
1059,23.04080819,72.66558502,1
1060,23.04186206,72.64660309,1
1061,23.09397939,72.55810309,1
1062,22.03695805,71.20045673,1
1063,22.96911077,72.60817574,1
1064,21.22997457,72.86572986,1
1065,21.83368193,70.82246741,1
1066,21.7493153,70.61049353,1
1067,21.74440008,70.6143564,1
1068,21.2187261,72.88452764,1
1069,22.30730264,70.75323446,1
1070,23.02197068,72.57196023,1
1071,21.21774017,72.89209258,1
1072,21.18002577,72.80841839,1
1073,21.73965802,70.27995061,1
1074,22.29525503,70.75705446,1
1075,23.06985401,72.5446751,1
1076,21.22817709,72.82929155,1
1077,23.06471105,72.56214176,1
1078,21.20664046,72.87037933,1
1079,23.0171864,72.69157009,1
1080,21.19672185,72.80672222,1
1081,23.00672867,72.59194676,1
1082,21.15795809,72.77756494,1
1083,21.19149315,72.79294525,1
1084,21.22997551,72.78387924,1
1085,22.28108985,70.76120274,1
1086,21.23148898,72.82568653,1
1087,21.20498873,72.78691976,1
1088,22.09751306,70.77812151,1
1089,23.01109037,72.52696088,1
1090,22.29933968,70.76061491,1
1091,22.97059779,72.61752571,1
1092,23.00932999,72.64667085,1
1093,22.96867652,72.61708502,1
1094,21.21733741,72.89271217,1
1095,23.00168433,72.60526175,1
1096,21.20610396,72.78622507,1
1097,21.1915712,72.79294793,1
1098,21.24335748,72.84648987,1
1099,22.27663615,70.76126902,1
1100,21.21778373,72.89323192,1
1101,21.21938193,72.87950187,1
1102,21.23726273,72.88640956,1
1103,22.28696792,70.75258163,1
1104,23.08690987,72.61928667,1
1105,22.25964147,70.80971874,1
1106,22.26913249,70.79058396,1
1107,21.22964075,72.78449883,1
1108,22.27620887,70.76111345,1
1109,22.97768015,72.61444738,1
1110,21.22807184,72.90090921,1
1111,22.27384416,70.80463964,1
1112,21.21201756,72.78396061,1
1113,21.76000533,70.61942029,1
1114,21.19803284,72.79721114,1
1115,21.21943731,72.87949919,1
1116,21.23810841,72.88576583,1
1117,22.29171963,70.79426443,1
1118,22.25926024,70.78468193,1
1119,22.27822718,70.80433563,1
1120,21.2004861,72.86808619,1
1121,21.24597684,72.84395096,1
1122,21.20966519,72.77642373,1
1123,21.15239937,72.87373674,1
1124,22.96909669,72.61684093,1
1125,23.04080175,72.57934641,1
1126,22.98779966,72.6215716,1
1127,23.04946961,72.51107621,1
1128,23.07558257,72.56243289,1
1129,22.24903249,70.78218857,1
1130,21.22351234,72.8882557,1
1131,21.19712759,72.78124332,1
1132,22.27992244,70.77422606,1
1133,22.29836772,70.79583259,1
1134,22.29548501,70.78808461,1
1135,21.21490321,72.82916315,1
1136,22.28146241,70.78921953,1
1137,23.11308992,72.58093831,1
1138,21.21152347,72.88629315,1
1139,21.2245142,72.81964899,1
1140,23.00655849,72.64280426,1
1141,22.98133604,72.60944472,1
1142,21.21782838,72.90281767,1
1143,23.12772509,72.04622582,1
1144,23.04933047,72.51108158,1
1145,21.24040153,72.90792606,1
1146,21.1409649,72.88068467,1
1147,22.27531465,70.78346898,1
1148,23.04681674,72.66098467,1
1149,22.26997398,70.76825016,1
1150,22.30729993,70.78413761,1
1151,22.26946671,70.76909237,1
1152,21.2246224,72.88802771,1
1153,23.03982908,72.44853137,1
1154,21.24146009,72.87645131,1
1155,21.29678054,72.75790531,1
1156,21.74488746,70.27407889,1
1157,23.09423119,72.54646321,1
1158,22.98709028,72.62062035,1
1159,22.03320427,71.20399726,1
1160,21.21876018,72.81067895,1
1161,22.25960474,70.80899003,1
1162,23.07407957,72.55625557,1
1163,23.0399086,72.44912146,1
1164,22.98087613,72.60977463,1
1165,23.00673248,72.64160531,1
1166,21.21084131,72.88433591,1
1167,21.72535532,70.44061154,1
1168,22.83090087,72.36936381,1
1169,21.21084882,72.884944,1
1170,22.33392016,70.82177236,1
1171,21.19656364,72.78024018,1
1172,21.19100724,72.79223983,1
1173,22.33346735,70.76940542,1
1174,21.22747735,72.82972606,1
1175,21.2339424,72.82758886,1
1176,22.26924931,70.7682743,1
1177,22.03316422,71.20500309,1
1178,22.29515259,70.75665213,1
1179,23.03440574,72.4308564,1
1180,23.25588931,72.64003837,1
1181,21.21978553,72.83038174,1
1182,21.23021463,72.7847295,1
1183,23.01230555,72.59284787,1
1184,21.23993088,72.90758274,1
1185,23.07418943,72.54741615,1
1186,23.08599326,72.61924107,1
1187,21.21501397,72.82994099,1
1188,22.29192742,70.79269883,1
1189,21.21184317,72.88644872,1
1190,22.27006394,70.76809727,1
1191,23.06731742,72.65659691,1
1192,23.05374098,72.64556979,1
1193,21.7596257,70.61990542,1
1194,23.01825362,72.5200826,1
1195,22.26000384,70.80948002,1
1196,21.22074187,72.90070805,1
1197,21.14855645,72.87781108,1
1198,21.14827439,72.87792641,1
1199,23.09678738,72.52679388,1
1200,21.15363421,72.80085825,1
1201,21.22994782,72.78449079,1
1202,22.33487502,70.76898618,1
1203,21.22090801,72.88438431,1
1204,21.22415929,72.81987966,1
1205,21.21496362,72.87422799,1
1206,21.95068479,70.790154,1
1207,21.19132195,72.79221569,1
1208,21.17957445,72.71134367,1
1209,22.27659867,70.76164453,1
1210,21.22682747,72.81637277,1
1211,21.22237323,72.85335242,1
1212,23.00599404,72.63301184,1
1213,23.00903744,72.66182764,1
1214,23.0171864,72.69157236,1
1215,21.26358806,72.97993291,1
1216,23.05555156,72.67213143,1
1217,23.0268644,72.65276443,1
1218,23.00727797,72.59085779,1
1219,21.23444075,72.8270551,1
1220,21.24224869,72.88706472,1
1221,22.03636233,71.19932752,1
1222,22.9882543,72.60389385,1
1223,23.02692653,72.65282344,1
1224,23.10639993,72.60271603,1
1225,23.0897125,72.65317627,1
1226,21.22713204,72.81596507,1
1227,21.22733639,72.82938274,1
1228,22.31225481,70.81891038,1
1229,21.24430379,72.84595343,1
1230,21.76068497,70.62001038,1
1231,21.20040806,72.86845901,1
1232,21.21893638,72.8799042,1
1233,23.04653045,72.67030624,1
1234,21.19538389,72.78938472,1
1235,21.12570779,73.11175522,1
1236,22.25290247,70.81100268,1
1237,21.22423984,72.81890065,1
1238,23.05424536,72.64506822,1
1239,21.19640463,72.80608921,1
1240,23.1079723,72.57419084,1
1241,21.23235953,72.82194221,1
1242,21.23763306,72.90010034,1
1243,22.29282542,70.79378163,1
1244,21.19590111,72.80690461,1
1245,23.0647831,72.56198619,1
1246,23.06851864,72.50858962,1
1247,21.24149564,72.8888295,1
1248,21.22740227,72.88528239,1
1249,21.1274791,73.11057505,1
1250,21.96818433,70.7946774,1
1251,23.06596151,72.51330426,1
1252,22.03336447,71.20393557,1
1253,21.21891176,72.88224478,1
1254,22.3046663,70.76993496,1
1255,22.269944,70.76853447,1
1256,22.2746025,70.78360309,1
1257,22.96842293,72.61723522,1
1258,23.06858202,72.54453563,1
1259,21.15822251,72.77742815,1
1260,23.10107818,72.58846939,1
1261,22.25410524,70.81014251,1
1262,21.24155133,72.79064134,1
1263,22.98268805,72.3798958,1
1264,21.30788365,72.7724242,1
1265,23.00493821,72.52578816,1
1266,23.0739218,72.54824362,1
1267,23.06814599,72.50906706,1
1268,21.32925663,72.75386204,1
1269,23.01669562,72.66515825,1
1270,23.05280149,72.560763,1
1271,21.21143037,72.88565019,1
1272,21.21909552,72.88207849,1
1273,21.2245645,72.88782386,1
1274,21.1478245,72.79746726,1
1275,21.22403343,72.81880409,1
1276,23.45204601,71.99608472,1
1277,22.27778241,70.80361679,1
1278,21.12714365,73.11079053,1
1279,21.23313891,72.9042965,1
1280,22.32157195,70.77286816,1
1281,21.22937085,72.8912337,1
1282,22.28111781,70.80944909,1
1283,21.15504931,72.87130618,1
1284,21.15360902,72.80059808,1
1285,21.74989215,70.60944746,1
1286,22.26575773,70.78450187,1
1287,21.19638238,72.78063178,1
1288,21.12818436,73.11155137,1
1289,21.21543688,72.87409924,1
1290,22.25960724,70.8094621,1
1291,22.31312529,70.76477044,1
1292,21.19533716,72.80677854,1
1293,21.74448034,70.615035,1
1294,22.29489276,70.75705178,1
1295,21.75999781,70.61928886,1
1296,22.27473244,70.7835414,1
1297,23.08665401,72.61903454,1
1298,23.09671287,72.52707551,1
1299,21.12470816,72.85902101,1
1300,21.19677724,72.8064379,1
1301,21.74940559,70.61063837,1
1302,23.06652547,72.5128912,1
1303,21.22176247,72.89412799,1
1304,22.98102077,72.60386624,1
1305,23.06828881,72.65696169,1
1306,23.03976031,72.66264909,1
1307,22.83225473,72.36952475,1
1308,21.22115583,72.89313021,1
1309,23.03985641,72.4489498,1
1310,22.29555484,70.75708933,1
1311,22.2879229,70.79446554,1
1312,21.15782462,72.7777527,1
1313,21.19574039,72.78073102,1
1314,22.27554968,70.7750667,1
1315,21.2015558,72.87459423,1
1316,21.22656843,72.88720764,1
1317,21.22744211,72.82990309,1
1318,22.29124266,70.75722408,1
1319,21.21668369,72.89413583,1
1320,23.11861788,72.5770291,1
1321,21.24642233,72.89046088,1
1322,23.02969553,72.57771994,1
1323,23.09565971,72.52744565,1
1324,23.03917696,72.65944093,1
1325,21.26293378,72.97976125,1
1326,21.22429793,72.88711844,1
1327,22.24894752,70.781746,1
1328,23.10705314,72.6027509,1
1329,21.215454,72.89228456,1
1330,21.1987579,72.79753032,1
1331,22.96890277,72.6171628,1
1332,21.29017553,72.89930496,1
1333,21.75001254,70.6103165,1
1334,21.7448365,70.61444223,1
1335,22.45900677,70.05642414,1
1336,23.07940302,72.57448921,1
1337,23.09395207,72.55837131,1
1338,23.01648423,72.69184787,1
1339,21.24073304,72.8896288,1
1340,21.17903456,72.84451341,1
1341,21.22687828,72.82998624,1
1342,23.09272005,72.55710799,1
1343,23.01645572,72.69184367,1
1344,21.21831966,72.87942408,1
1345,21.2234572,72.88851587,1
1346,21.22449654,72.8879687,1
1347,23.07513044,72.56313026,1
1348,21.7748633,70.13201615,1
1349,21.95078247,70.79086478,1
1350,22.98660644,72.62217242,1
1351,22.2631449,70.79018665,1
1352,21.16236581,72.85722227,1
1353,22.27765212,70.80443685,1
1354,21.21192625,72.88559041,1
1355,23.03272315,72.64820577,1
1356,21.19666032,72.78891533,1
1357,21.50215382,70.45898817,1
1358,23.07579125,72.56379545,1
1359,21.17304153,72.78806248,1
1360,21.2133122,72.87355632,1
1361,21.19124642,72.79274408,1
1362,21.22109447,72.82952611,1
1363,21.21109556,72.88566092,1
1364,21.83457929,70.82360734,1
1365,22.29170464,70.79525592,1
1366,21.21903762,72.88195779,1
1367,22.26988652,70.76952689,1
1368,21.15303232,72.80098163,1
1369,22.2496498,70.7807214,1
1370,23.10623353,72.60339999,1
1371,22.28121717,70.79035825,1
1372,23.02020131,72.67031382,1
1373,21.19663414,72.781246,1
1374,23.0220716,72.61549924,1
1375,23.11149241,72.5799751,1
1376,22.2884129,70.77695213,1
1377,21.21542216,72.87535627,1
1378,21.31635537,72.88336169,1
1379,21.23170167,72.89104578,1
1380,21.20536635,72.78625457,1
1381,23.05343537,72.64470344,1
1382,21.18009123,72.80839425,1
1383,23.05322915,72.6439712,1
1384,21.13978369,72.88032525,1
1385,22.27867532,70.8122449,1
1386,21.19539144,72.78955907,1
1387,22.25250477,70.68923912,1
1388,21.2139304,72.87906017,1
1389,23.0610049,72.59450712,1
1390,21.21494551,72.89171325,1
1391,23.07332988,72.54680997,1
1392,23.07803921,72.57483254,1
1393,21.22713801,72.90135178,1
1394,21.21813035,72.89224547,1
1395,23.02750308,72.65191685,1
1396,23.10593052,72.60259533,1
1397,22.25933159,70.81007279,1
1398,21.14148537,72.94315521,1
1399,22.27625384,70.76177864,1
1400,21.21384985,72.87922915,1
1401,22.37934732,71.97785627,1
1402,21.22138879,72.88330875,1
1403,21.24532097,72.8887337,1
1404,21.2063006,72.8711089,1
1405,22.29897991,70.75935427,1
1406,22.33364219,70.76910309,1
1407,22.28825997,70.79225446,1
1408,23.05554411,72.67162717,1
1409,22.98781706,72.62144554,1
1410,22.29795049,70.79611959,1
1411,21.2155421,72.8913136,1
1412,21.218784,72.88352449,1
1413,23.10635771,72.60214204,1
1414,22.98264643,72.37930455,1
1415,21.22466039,72.88803307,1
1416,23.042008,72.64984332,1
1417,22.27509476,70.78361918,1
1418,23.03940806,72.65937924,1
1419,23.00788542,72.65448128,1
1420,23.10670294,72.60237539,1
1421,21.22457461,72.81928689,1
1422,23.00899519,72.66202076,1
1423,21.20583208,72.78642355,1
1424,22.27781239,70.80354169,1
1425,22.2623902,70.78926397,1
1426,21.23018558,72.90267166,1
1427,21.21545746,72.82910426,1
1428,23.00123692,72.60410303,1
1429,23.05721119,72.70689353,1
1430,21.15478237,72.87013942,1
1431,22.27379255,70.76200916,1
1432,22.19605004,70.82709889,1
1433,21.21949269,72.8794965,1
1434,21.77514666,70.13103714,1
1435,22.27531465,70.78408321,1
1436,22.3347876,70.76920612,1
1437,23.04597576,72.67178239,1
1438,23.0164098,72.66548816,1
1439,21.21214343,72.78289577,1
1440,21.216698,72.89385449,1
1441,21.21471372,72.82841761,1
1442,21.22638077,72.92970379,1
1443,22.26926488,70.76941498,1
1444,22.976815,72.61540492,1
1445,22.28180744,70.80956175,1
1446,22.2596947,70.80835435,1
1447,22.33348234,70.76929545,1
1448,21.13639851,72.79946583,1
1449,22.26969723,70.78997778,1
1450,23.01090396,72.52719423,1
1451,22.26875761,70.7681007,1
1452,21.26419203,72.78255178,1
1453,22.2701598,70.81690016,1
1454,21.16710214,72.83898426,1
1455,21.21543661,72.87265275,1
1456,23.06878325,72.5444793,1
1457,21.19613062,72.78135598,1
1458,21.22121762,72.88377277,1
1459,21.21238509,72.78311303,1
1460,21.15833583,72.77781439,1
1461,22.29477033,70.75598426,1
1462,23.04074103,72.44984297,1
1463,22.27760486,70.76294735,1
1464,21.24528826,72.88901533,1
1465,21.23989564,72.90818892,1
1466,23.06152919,72.52380041,1
1467,21.19668801,72.78930694,1
1468,22.2685577,70.76946595,1
1469,22.2770974,70.80386286,1
1470,21.24145002,72.87626892,1
1471,23.00196769,72.60477359,1
1472,21.2273721,72.90096286,1
1473,21.2239705,72.81891406,1
1474,22.27692749,70.80383603,1
1475,21.72544719,70.44290111,1
1476,21.15708677,72.77681929,1
1477,23.03430137,72.43102002,1
1478,22.27480505,70.77402869,1
1479,21.21137495,72.88590959,1
1480,23.04085782,72.44975178,1
1481,22.27529231,70.77460536,1
1482,21.22068512,72.89386781,1
1483,21.22317156,72.78872214,1
1484,23.00831988,72.5554537,1
1485,21.22080732,72.8840088,1
1486,22.99375603,72.60962484,1
1487,21.22377688,72.88866071,1
1488,21.12769823,73.11081376,1
1489,21.22666268,72.92962064,1
1490,22.3080521,70.75323714,1
1491,21.13092948,72.89057516,1
1492,21.24732584,72.8918288,1
1493,22.03585923,71.20088052,1
1494,23.0749888,72.5562663,1
1495,21.22573135,72.7386084,1
1496,22.94903145,72.60201271,1
1497,22.28001031,70.78938997,1
1498,23.03961793,72.65355446,1
1499,21.77503633,70.1320537,1
1500,22.27006144,70.76824747,1
1501,22.29108221,70.79468193,1
1502,21.19180283,72.79180799,1
1503,23.09286412,72.55694974,1
1504,22.99856998,72.62343481,1
1505,21.23814617,72.88603137,1
1506,23.0734056,72.65204332,1
1507,22.30750749,70.7532586,1
1508,21.22065125,72.88486443,1
1509,21.16401153,72.81403796,1
1510,22.31308532,70.76477044,1
1511,21.22200298,72.88392297,1
1512,21.22284181,72.78824739,1
1513,22.2798025,70.77455329,1
1514,21.19606365,72.78823137,1
1515,22.31319788,70.81927703,1
1516,21.15404973,72.80103528,1
1517,23.07358695,72.65197895,1
1518,21.2322966,72.82045627,1
1519,22.2803772,70.77459889,1
1520,22.41493744,71.03863749,1
1521,21.2477438,72.842713,1
1522,23.11856325,72.57710956,1
1523,21.2264588,72.92946239,1
1524,21.12729523,73.11060455,1
1525,22.26293983,70.77782956,1
1526,23.00607365,72.6626621,1
1527,22.23670998,70.59925096,1
1528,22.30663011,70.81914825,1
1529,23.09366145,72.55807895,1
1530,22.28107262,70.78861604,1
1531,21.22214257,72.89330455,1
1532,22.2871853,70.7530537,1
1533,22.97639735,72.61589309,1
1534,22.29577483,70.78838502,1
1535,22.98130666,72.60408618,1
1536,21.22700209,72.90034863,1
1537,21.04649093,73.08416852,1
1538,21.21970665,72.87988542,1
1539,23.05391213,72.55966866,1
1540,21.24682567,72.89171807,1
1541,23.03431628,72.43033874,1
1542,21.20270057,72.87442525,1
1543,21.26196663,72.95764554,1
1544,21.15303232,72.80111842,1
1545,23.06538361,72.58127788,1
1546,23.07397201,72.6517751,1
1547,21.10990373,72.86088205,1
1548,21.19841551,72.79668542,1
1549,21.20550733,72.78569131,1
1550,22.98093579,72.60973708,1
1551,22.25182499,70.68939737,1
1552,23.0627764,72.52380309,1
1553,21.23336796,72.90406047,1
1554,21.23383863,72.90406047,1
1555,22.98219118,72.59476898,1
1556,21.95054203,70.78985627,1
1557,21.22394281,72.82024712,1
1558,23.07187456,72.66127014,1
1559,22.25150759,70.68589574,1
1560,23.04632475,72.66089347,1
1561,21.22315898,72.7884727,1
1562,23.04667511,72.66030607,1
1563,23.0670621,72.51340618,1
1564,23.06843666,72.50880152,1
1565,21.19641511,72.78032333,1
1566,21.20512719,72.78652279,1
1567,23.06860808,72.50926822,1
1568,21.21253362,72.78282335,1
1569,21.17109942,72.81353898,1
1570,21.15823258,72.77772587,1
1571,21.24613329,72.88527158,1
1572,21.20039496,72.86311143,1
1573,22.22424005,70.73344449,1
1574,23.07856089,72.57453749,1
1575,21.1960572,72.80612677,1
1576,23.11416472,72.57214402,1
1577,21.22124531,72.88327924,1
1578,21.23265819,72.8276981,1
1579,22.98615311,72.6206874,1
1580,21.24617105,72.88498994,1
1581,22.98127637,72.61024134,1
1582,21.74969402,70.61066519,1
1583,21.21560755,72.89266543,1
1584,23.01167852,72.6465793,1
1585,21.22539686,72.9297356,1
1586,21.23265905,72.82053674,1
1587,21.22692564,72.81736519,1
1588,21.12714662,73.11074671,1
1589,21.24456806,72.84717115,1
1590,22.29903488,70.75959835,1
1591,22.28123977,70.76066093,1
1592,22.99313708,72.61053947,1
1593,21.24648591,72.8903421,1
1594,21.23406516,72.90427236,1
1595,22.27470245,70.78301032,1
1596,22.26526535,70.77624358,1
1597,22.97763789,72.61490603,1
1598,23.04009503,72.6667786,1
1599,21.74002673,70.27998816,1
1600,21.21847124,72.88238962,1
1601,21.20477978,72.78686075,1
1602,21.20497363,72.7862358,1
1603,23.11172521,72.59996128,1
1604,23.1097821,72.58043947,1
1605,22.28560489,70.75691918,1
1606,21.14720252,72.8693088,1
1607,21.21543637,72.89187954,1
1608,22.3770648,71.97960152,1
1609,21.2187048,72.81060921,1
1610,22.25928023,70.78524519,1
1611,22.26313725,70.77756134,1
1612,23.05500495,72.67237819,1
1613,21.21351372,72.87682956,1
1614,21.21394047,72.8786793,1
1615,21.22146195,72.8539923,1
1616,23.00460763,72.52594373,1
1617,21.21196904,72.88640312,1
1618,23.02166049,72.64323953,1
1619,21.17322734,72.85587971,1
1620,21.21818962,72.80892925,1
1621,21.21786097,72.89475571,1
1622,23.25555439,72.63998204,1
1623,21.2385165,72.90039538,1
1624,21.22191351,72.89309534,1
1625,21.22976817,72.86548846,1
1626,22.98784662,72.603977,1
1627,22.98169198,72.60431953,1
1628,22.29890028,70.77530498,1
1629,22.26995149,70.76825284,1
1630,21.19521269,72.78946787,1
1631,21.23717213,72.88610111,1
1632,21.19108529,72.79258047,1
1633,22.31191007,70.81680426,1
1634,22.34415774,70.57383755,1
1635,21.8947,71.0312288,1
1636,23.03003598,72.57680799,1
1637,21.74434741,70.6146729,1
1638,21.20573138,72.78583078,1
1639,21.14790768,72.86943988,1
1640,23.11155341,72.56556853,1
1641,21.22749748,72.82987895,1
1642,21.22466015,72.88803039,1
1643,21.19716032,72.78082222,1
1644,22.28922713,70.79389423,1
1645,21.22173616,72.88398198,1
1646,21.83326333,70.82350274,1
1647,23.03020378,72.46668502,1
1648,21.96870772,70.79547402,1
1649,22.29849024,70.76023135,1
1650,23.04779573,72.6606333,1
1651,22.30647772,70.81926627,1
1652,21.22327758,72.82681574,1
1653,21.13589982,72.7999084,1
1654,21.2060111,72.87101502,1
1655,21.12786447,73.11144945,1
1656,22.29151225,70.79348665,1
1657,21.19202439,72.79213254,1
1658,22.2924621,70.79274175,1
1659,21.23361714,72.90410607,1
1660,23.04196824,72.64953755,1
1661,22.31418947,70.76476507,1
1662,22.25960261,70.78524787,1
1663,23.04848318,72.51073557,1
1664,21.24573313,72.88556394,1
1665,22.95381462,72.61903698,1
1666,23.11069204,72.59973866,1
1667,22.24910497,70.78183184,1
1668,23.12711669,72.04668984,1
1669,23.07425717,72.54910997,1
1670,23.04058952,72.51531609,1
1671,22.27693783,70.80523953,1
1672,23.11087043,72.56476387,1
1673,22.25647515,70.95637592,1
1674,21.21420982,72.87855055,1
1675,23.04020437,72.51517662,1
1676,23.06347888,72.56379236,1
1677,21.19829467,72.79611948,1
1678,23.06797457,72.50887662,1
1679,22.33419565,70.76891108,1
1680,22.03475745,70.33773983,1
1681,21.22493456,72.81875581,1
1682,21.22087277,72.88493148,1
1683,22.98713096,72.6217084,1
1684,21.24693893,72.89160542,1
1685,21.2025319,72.87459423,1
1686,21.21628997,72.87264471,1
1687,22.98717571,72.62254525,1
1688,22.25177501,70.68591184,1
1689,22.2744852,70.77453026,1
1690,21.21478125,72.87818577,1
1691,22.2933351,70.7939828,1
1692,21.75229463,70.61182194,1
1693,21.20248728,72.87469347,1
1694,21.22996156,72.90307667,1
1695,22.26596006,70.77695168,1
1696,22.26321721,70.77759621,1
1697,21.17986401,72.71126321,1
1698,22.2765462,70.7612422,1
1699,21.19555257,72.78822601,1
1700,21.23731056,72.88649271,1
1701,23.0411088,72.44899271,1
1702,21.22957782,72.78406163,1
1703,21.22812219,72.90111574,1
1704,21.21126423,72.88579234,1
1705,23.07376462,72.54688507,1
1706,23.06644845,72.51238694,1
1707,23.02985587,72.46757014,1
1708,23.11783063,72.57657312,1
1709,22.82724388,72.27881618,1
1710,21.72546977,70.44298962,1
1711,22.99405184,72.61065213,1
1712,21.24649095,72.89120577,1
1713,23.05831677,72.65197394,1
1714,22.26951169,70.76938205,1
1715,22.97637746,72.61533787,1
1716,22.26622995,70.77649571,1
1717,23.1081089,72.57368391,1
1718,23.09428988,72.55817283,1
1719,21.7604533,70.61905248,1
1720,21.74426464,70.61501086,1
1721,21.2198686,72.82971119,1
1722,22.33376458,70.76908087,1
1723,21.7604417,70.6187712,1
1724,22.30758472,70.78313714,1
1725,23.06738698,72.65684904,1
1726,21.16459826,72.81450466,1
1727,21.22414941,72.88734911,1
1728,21.12374092,72.85971838,1
1729,22.27485502,70.77447394,1
1730,22.29917022,70.82422111,1
1731,22.30659294,70.78389621,1
1732,21.21530849,72.87476979,1
1733,21.24675705,72.89147207,1
1734,21.21986104,72.82887434,1
1735,22.4566886,70.06526776,1
1736,21.96866014,70.79387006,1
1737,22.28078777,70.78971306,1
1738,23.00791459,72.5207333,1
1739,21.40333411,72.90401271,1
1740,22.2982503,70.79553219,1
1741,22.26968411,70.76906018,1
1742,23.01070672,72.64651761,1
1743,23.10859072,72.57447248,1
1744,21.17152749,72.81309374,1
1745,21.21408647,72.87920501,1
1746,22.27405493,70.76230152,1
1747,21.24188072,72.88834939,1
1748,21.21146305,72.88534097,1
1749,23.00594242,72.65017055,1
1750,23.07550556,72.56350845,1
1751,23.0554,72.67212606,1
1752,23.05910745,72.65113755,1
1753,22.30741661,70.82291407,1
1754,21.25332669,72.84348252,1
1755,21.26340689,72.78188122,1
1756,22.98245718,72.59538857,1
1757,22.27731001,70.76416239,1
1758,21.21882114,72.88247545,1
1759,21.22243655,72.78824739,1
1760,21.1912439,72.79193405,1
1761,21.76046584,70.61860187,1
1762,23.07289312,72.66143108,1
1763,21.20604103,72.78624653,1
1764,21.21550961,72.87329112,1
1765,21.22162855,72.80858851,1
1766,23.00600705,72.65017055,1
1767,22.25991387,70.8100567,1
1768,22.33331499,70.76959125,1
1769,22.98099342,72.60466017,1
1770,21.20270309,72.87452986,1
1771,22.28087996,70.76133685,1
1772,22.27388535,70.78413417,1
1773,22.29076295,70.75846058,1
1774,23.02026344,72.67022799,1
1775,21.2187431,72.88220992,1
1776,21.21464279,72.87862297,1
1777,22.26207767,70.77768472,1
1778,23.00950645,72.64766058,1
1779,23.0463106,72.67202111,1
1780,22.98225381,72.60478892,1
1781,21.14777665,72.79798761,1
1782,22.29180999,70.7901958,1
1783,23.08388113,72.53525206,1
1784,21.22539406,72.92971452,1
1785,22.29982728,70.82301948,1
1786,23.04761697,72.64661402,1
1787,23.00784574,72.52627516,1
1788,22.33344737,70.7692874,1
1789,21.16386547,72.81415061,1
1790,22.98089398,72.60461458,1
1791,21.23408781,72.9045084,1
1792,22.95257138,72.61902625,1
1793,21.19656364,72.78020263,1
1794,23.06994842,72.54429959,1
1795,22.95937623,72.56068694,1
1796,21.19580937,72.78883755,1
1797,22.98667605,72.62174327,1
1798,22.28059209,70.77429848,1
1799,23.03483564,72.43144381,1
1800,21.20686199,72.87025595,1
1801,21.21061978,72.88448611,1
1802,22.29124961,70.77807738,1
1803,21.24205285,72.82319883,1
1804,23.06878325,72.54541539,1
1805,21.22987185,72.86700242,1
1806,23.0160718,72.66482834,1
1807,21.21056936,72.78339079,1
1808,22.33355227,70.76960198,1
1809,21.24021528,72.90793143,1
1810,22.33419242,70.82243487,1
1811,22.30737238,70.78274286,1
1812,23.09365649,72.55812455,1
1813,22.26273241,70.77761498,1
1814,21.29692898,72.75784362,1
1815,23.07430934,72.54860035,1
1816,21.23027,72.78470805,1
1817,23.10010703,72.58821458,1
1818,21.22704394,72.81624402,1
1819,21.22140657,72.85464945,1
1820,21.16908811,72.89523947,1
1821,23.03914217,72.66068816,1
1822,23.04597515,72.67177971,1
1823,21.18050165,72.80832719,1
1824,22.31204497,70.81903376,1
1825,21.22931558,72.86709629,1
1826,21.13675867,72.80009079,1
1827,22.95260867,72.61778439,1
1828,22.29131779,70.78916852,1
1829,23.0395086,72.65361079,1
1830,22.27339274,70.76188577,1
1831,22.96965801,72.6176035,1
1832,22.27363763,70.7616551,1
1833,22.38198053,71.98351306,1
1834,21.24203524,72.82311569,1
1835,22.33338742,70.76931423,1
1836,21.78290686,70.81155074,1
1837,21.22454441,72.81869949,1
1838,23.04143042,72.57879656,1
1839,21.96787631,70.7952058,1
1840,23.07882421,72.57566402,1
1841,22.29121743,70.79236816,1
1842,23.04629878,72.671887,1
1843,23.01260132,72.59265475,1
1844,21.16919387,72.89437312,1
1845,21.24628137,72.84456519,1
1846,23.04937271,72.51107085,1
1847,21.15261428,72.80011796,1
1848,21.96851239,70.79542842,1
1849,21.7264139,70.44070274,1
1850,23.03057902,72.46752723,1
1851,21.21382215,72.87845131,1
1852,21.19530081,72.78957248,1
1853,21.21485538,72.87347965,1
1854,22.27316948,70.80403346,1
1855,21.21570913,72.87523021,1
1856,21.22184503,72.80932344,1
1857,21.14224597,72.94349585,1
1858,21.12695267,73.11136093,1
1859,21.12778891,73.11036852,1
1860,23.07838451,72.57501761,1
1861,21.95077495,70.78968193,1
1862,22.29614273,70.8293751,1
1863,23.02320832,72.57188781,1
1864,21.22344941,72.88841395,1
1865,21.22739223,72.90102723,1
1866,22.98717729,72.62094221,1
1867,21.27641447,72.95952464,1
1868,21.21556727,72.89136724,1
1869,22.27385252,70.76181335,1
1870,23.04635403,72.6703116,1
1871,21.2267849,72.88751609,1
1872,21.25335689,72.84473511,1
1873,21.76057869,70.61835779,1
1874,23.04042801,72.51491644,1
1875,21.17997983,72.71171382,1
1876,23.11096523,72.59998542,1
1877,22.28848257,70.79440921,1
1878,22.28001489,70.77364134,1
1879,21.21570848,72.87294512,1
1880,21.21769234,72.89160978,1
1881,21.75067968,70.61001609,1
1882,21.24641796,72.89045475,1
1883,22.27501994,70.77485213,1
1884,23.0401223,72.44844554,1
1885,22.29897273,70.77475513,1
1886,22.24956733,70.78156898,1
1887,22.27910536,70.77465522,1
1888,21.19814362,72.79645475,1
1889,22.28987205,70.77657394,1
1890,21.23425373,72.90548198,1
1891,23.07366148,72.65123866,1
1892,21.20214742,72.87475516,1
1893,21.21743886,72.89413851,1
1894,22.27470745,70.78355749,1
1895,22.98042617,72.60966198,1
1896,22.25231234,70.68863563,1
1897,22.31421695,70.76519155,1
1898,22.33371712,70.76947248,1
1899,21.23225885,72.82153988,1
1900,23.03966092,72.66149306,1
1901,23.06636647,72.51362612,1
1902,21.30542328,72.9609449,1
1903,21.15825524,72.77772051,1
1904,21.14677186,72.86920956,1
1905,21.3703031,73.06115971,1
1906,22.2748099,70.78277429,1
1907,21.23707397,72.88611184,1
1908,21.15820236,72.77792167,1
1909,23.06798947,72.50855207,1
1910,21.22761784,72.81684216,1
1911,22.98212703,72.60362484,1
1912,21.22444644,72.88748322,1
1913,22.24974728,70.78208933,1
1914,22.25648233,70.95638052,1
1915,22.29390475,70.79340612,1
1916,22.95893202,72.62037778,1
1917,21.22703891,72.81637277,1
1918,21.28862678,72.94100857,1
1919,23.01903151,72.52059222,1
1920,21.20978758,72.87644752,1
1921,21.22601535,72.88545137,1
1922,21.24134935,72.87640303,1
1923,22.33476013,70.76943411,1
1924,22.26480766,70.77745703,1
1925,21.72522237,70.4401502,1
1926,23.04970069,72.53176746,1
1927,22.26482516,70.77744898,1
1928,21.22125538,72.88333557,1
1929,21.2233833,72.82723148,1
1930,22.28824497,70.79220081,1
1931,21.21113397,72.7831023,1
1932,22.28745968,70.76355446,1
1933,21.22810662,72.82941761,1
1934,21.19911288,72.7963126,1
1935,21.11014934,72.86434052,1
1936,21.11482532,72.83338001,1
1937,22.31229228,70.81711271,1
1938,21.17125302,72.81253584,1
1939,21.21940458,72.87949919,1
1940,21.21789731,72.88261761,1
1941,21.20187986,72.87494292,1
1942,22.27461999,70.78284939,1
1943,23.06636895,72.51194974,1
1944,22.28963469,70.77632181,1
1945,23.11288875,72.58165446,1
1946,21.21190107,72.88541339,1
1947,23.02168639,72.61491988,1
1948,21.22055327,72.83037637,1
1949,22.2767403,70.76365008,1
1950,21.2455802,72.88958665,1
1951,21.21717455,72.89361011,1
1952,23.11849868,72.57688962,1
1953,21.21099552,72.78317204,1
1954,22.27065118,70.76933645,1
1955,21.21510711,72.83024945,1
1956,21.2153426,72.87853983,1
1957,23.07408758,72.54592216,1
1958,22.29088537,70.75832379,1
1959,21.22930346,72.78470805,1
1960,22.2913128,70.78996513,1
1961,21.20754671,72.87504292,1
1962,21.22108924,72.88379959,1
1963,23.06255777,72.52402035,1
1964,21.22064874,72.88469813,1
1965,23.05409877,72.64427697,1
1966,22.98109738,72.60863738,1
1967,22.29562979,70.75705714,1
1968,21.14759288,72.86917201,1
1969,23.11319671,72.58091685,1
1970,22.27327193,70.80385911,1
1971,21.2322513,72.82039726,1
1972,21.22450343,72.82567044,1
1973,21.21005946,72.87698396,1
1974,22.96972238,72.60879265,1
1975,22.97667081,72.61532178,1
1976,23.07824043,72.57484863,1
1977,22.28714986,70.76268542,1
1978,22.32046286,70.77351189,1
1979,23.01877553,72.52049029,1
1980,21.24032854,72.90789656,1
1981,21.20208448,72.87494292,1
1982,22.98084381,72.60961906,1
1983,22.96967044,72.6172709,1
1984,22.27387164,70.80457794,1
1985,23.1144702,72.57344758,1
1986,22.27478491,70.7837077,1
1987,21.22423732,72.81956852,1
1988,21.24524547,72.88858082,1
1989,21.21083481,72.87698128,1
1990,21.19170716,72.7924544,1
1991,21.17413633,72.85565172,1
1992,21.16902264,72.89490956,1
1993,21.19639849,72.78901726,1
1994,21.22963477,72.86548577,1
1995,21.22156059,72.80830688,1
1996,21.21680918,72.8768449,1
1997,21.74964887,70.61073224,1
1998,21.21888721,72.88341988,1
1999,23.05369129,72.64449423,1
2000,21.21823714,72.88150718,1
2001,23.1067551,72.60313982,1
2002,23.1066334,72.60319614,1
2003,21.13030987,72.88966053,1
2004,23.10622608,72.60304594,1
2005,21.74938553,70.61014216,1
2006,21.17320971,72.85614793,1
2007,21.12695726,73.11135915,1
2008,21.14133678,72.94323836,1
2009,21.19714018,72.78016239,1
2010,23.03926642,72.66004443,1
2011,21.21595093,72.7930331,1
2012,21.22746224,72.83020886,1
2013,21.19799005,72.7971709,1
2014,23.01086023,72.64180192,1
2015,23.00133635,72.6044705,1
2016,21.31634531,72.88313102,1
2017,21.20188308,72.87494828,1
2018,21.19638993,72.78084367,1
2019,21.11030804,72.86501107,1
2020,21.2273142,72.90042373,1
2021,21.21782321,72.89462964,1
2022,23.01017324,72.52810081,1
2023,21.24633674,72.84358886,1
2024,21.15789198,72.86876031,1
2025,21.21954303,72.87925779,1
2026,23.04710195,72.67029283,1
2027,21.22192808,72.78808109,1
2028,23.10942198,72.58041802,1
2029,22.28177496,70.80937399,1
2030,23.042364,72.64634023,1
2031,23.0089256,72.66156478,1
2032,21.20974618,72.78336128,1
2033,21.19827705,72.79689195,1
2034,21.23305673,72.82166863,1
2035,22.29106252,70.79477044,1
2036,22.97033177,72.61638309,1
2037,22.24905748,70.78178892,1
2038,22.27434729,70.76203866,1
2039,22.29421456,70.79284822,1
2040,23.1129409,72.58142111,1
2041,23.00472451,72.64880263,1
2042,23.11076654,72.59938997,1
2043,22.25945267,70.78499574,1
2044,21.19081841,72.79309009,1
2045,21.22116492,72.85480501,1
2046,23.1064819,72.60326052,1
2047,21.2273192,72.88556402,1
2048,22.3335198,70.76941347,1
2049,23.04565461,72.67143102,1
2050,22.03702563,71.20048892,1
2051,22.31385973,70.76565825,1
2052,23.11037976,72.58027283,1
2053,22.29951956,70.7601643,1
2054,22.26940424,70.76898776,1
2055,21.21955058,72.87960111,1
2056,22.97630288,72.61518498,1
2057,22.27473493,70.78246047,1
2058,23.06024447,72.67420321,1
2059,23.05508942,72.67239965,1
2060,23.08605039,72.61929472,1
2061,21.22060091,72.88487248,1
2062,23.04686643,72.66040531,1
2063,21.22370868,72.88830666,1
2064,22.24971478,70.78071604,1
2065,21.22955973,72.8671553,1
2066,23.0324821,72.64772834,1
2067,21.19561551,72.78906017,1
2068,23.07486956,72.55562257,1
2069,23.01259883,72.59274595,1
2070,22.3070194,70.82318765,1
2071,22.28222472,70.80875172,1
2072,21.19075295,72.79271189,1
2073,21.24184647,72.82323639,1
2074,22.31339758,70.76522105,1
2075,21.1583459,72.77803701,1
2076,21.21341289,72.87343026,1
2077,22.27027635,70.76813482,1
2078,21.11010903,72.86384163,1
2079,22.83168482,72.36937186,1
2080,21.23244007,72.82101685,1
2081,22.9882717,72.6037812,1
2082,23.0689677,72.53739155,1
2083,21.21847321,72.87965744,1
2084,23.07416463,72.64685971,1
2085,21.21181617,72.78291455,1
2086,22.27769995,70.80475942,1
2087,21.22961501,72.89088501,1
2088,21.21113397,72.78307012,1
2089,21.22743959,72.83003988,1
2090,21.20596047,72.78691976,1
2091,23.0551093,72.67160303,1
2092,22.45725259,70.06634332,1
2093,22.27286462,70.8042373,1
2094,23.04644651,72.66183493,1
2095,21.23292082,72.82166058,1
2096,21.24026814,72.90758006,1
2097,21.74501709,70.61581016,1
2098,23.1070283,72.60201061,1
2099,21.21462631,72.87437551,1
2100,21.22965559,72.82443405,1
2101,21.22034555,72.90745324,1
2102,21.214681,72.82839615,1
2103,23.04257273,72.64648239,1
2104,23.02998757,72.46672793,1
2105,21.20228518,72.87455936,1
2106,21.26249257,72.95763749,1
2107,21.21467162,72.82979883,1
2108,21.14703126,72.86925481,1
2109,23.00784764,72.55476169,1
2110,22.27757716,70.80293749,1
2111,23.0470677,72.66026852,1
2112,21.14907021,72.87819464,1
2113,21.21457344,72.82978006,1
2114,21.2181379,72.89264512,1
2115,23.10844667,72.57391994,1
2116,23.03666045,72.52511217,1
2117,21.21238258,72.78351,1
2118,21.20246699,72.86535446,1
2119,21.2197377,72.82884483,1
2120,21.22722312,72.8299621,1
2121,22.22437253,70.73331842,1
2122,21.21508445,72.87426822,1
2123,21.217277,72.8922401,1
2124,23.06922547,72.54485749,1
2125,21.21156123,72.88561187,1
2126,22.24978476,70.78152338,1
2127,23.04079826,72.66542945,1
2128,22.9805629,72.60879563,1
2129,22.27423234,70.76251878,1
2130,22.28603714,70.75743148,1
2131,22.31475465,70.77306315,1
2132,21.20484272,72.78553574,1
2133,21.16459826,72.81358467,1
2134,22.9708663,72.6172414,1
2135,21.21450548,72.82970227,1
2136,21.15702047,72.86118198,1
2137,21.23705669,72.89966046,1
2138,23.06859505,72.67072495,1
2139,23.06934284,72.5377456,1
2140,21.22151481,72.85455289,1
2141,23.04071867,72.44978396,1
2142,21.25823947,72.85123219,1
2143,22.29106722,70.79477312,1
2144,21.13775925,73.0577965,1
2145,21.21986104,72.8301457,1
2146,23.07819074,72.57528583,1
2147,23.06591927,72.51231452,1
2148,23.03934285,72.66216898,1
2149,21.21531743,72.87800875,1
2150,22.97048066,72.6080926,1
2151,23.04070376,72.44972495,1
2152,23.00687399,72.6619084,1
2153,21.17411619,72.85552834,1
2154,21.22179909,72.88463912,1
2155,23.07446893,72.64369808,1
2156,21.21156379,72.88560459,1
2157,22.3077596,70.78306741,1
2158,21.21525563,72.87410729,1
2159,21.23158966,72.82626857,1
2160,21.22670044,72.93069889,1
2161,21.22146493,72.80862338,1
2162,23.06746152,72.65673102,1
2163,22.27543925,70.76258867,1
2164,22.29877755,70.76055858,1
2165,21.17218489,72.87044752,1
2166,21.13954191,72.8811165,1
2167,21.20552243,72.7856323,1
2168,21.19916323,72.79629114,1
2169,21.19638338,72.78819382,1
2170,23.10633784,72.6028555,1
2171,21.21601624,72.87590076,1
2172,23.06993731,72.65683942,1
2173,21.25872768,72.85100956,1
2174,21.19560655,72.80689656,1
2175,23.07466337,72.55639236,1
2176,21.20593781,72.78623311,1
2177,23.07362799,72.54727667,1
2178,21.21157885,72.88644067,1
2179,22.26927992,70.78960496,1
2180,22.73352778,72.44135557,1
2181,22.30728266,70.75266583,1
2182,21.75230215,70.61236642,1
2183,21.21295739,72.87644332,1
2184,23.00819064,72.5550916,1
2185,23.04778345,72.64566183,1
2186,21.19831733,72.79640111,1
2187,22.2990227,70.77432061,1
2188,23.06832111,72.65645475,1
2189,22.2603587,70.81011302,1
2190,21.15693819,72.77715456,1
2191,21.23618926,72.91005982,1
2192,22.27931775,70.77486443,1
2193,23.07007512,72.54395359,1
2194,21.24089412,72.88878391,1
2195,23.06861244,72.53770268,1
2196,21.1966427,72.78942764,1
2197,23.10625091,72.60296279,1
2198,23.01706959,72.69151644,1
2199,22.28061037,70.78910688,1
2200,21.11898843,72.84270536,1
2201,21.19688086,72.78040647,1
2202,23.12795107,72.04642699,1
2203,21.23187031,72.89110747,1
2204,23.02948559,72.4679081,1
2205,23.06489987,72.56208543,1
2206,22.27911786,70.77333021,1
2207,21.21777962,72.88308461,1
2208,21.2059932,72.78642623,1
2209,22.26879009,70.76876053,1
2210,23.10675013,72.60326588,1
2211,22.26970223,70.7907288,1
2212,21.15850455,72.77791631,1
2213,23.09550294,72.54707743,1
2214,23.04003042,72.51548775,1
2215,22.25930523,70.7852586,1
2216,23.0117506,72.64666513,1
2217,21.13787762,73.05865213,1
2218,21.21492838,72.82980152,1
2219,22.29815795,70.76020185,1
2220,22.98178597,72.59529737,1
2221,21.69313223,72.96948082,1
2222,23.00793463,72.55493872,1
2223,22.2983877,70.79524251,1
2224,21.72704935,70.39547388,1
2225,21.23107619,72.82660385,1
2226,23.09314232,72.55759347,1
2227,23.07320934,72.65117697,1
2228,21.21575379,72.87271445,1
2229,22.29095033,70.75794023,1
2230,22.29570487,70.78944985,1
2231,23.06846895,72.50874519,1
2232,21.21518968,72.89198951,1
2233,22.37762162,71.97968735,1
2234,22.28016034,70.76099621,1
2235,21.24669732,72.89137743,1
2236,21.20076051,72.86853411,1
2237,23.05824969,72.65225825,1
2238,22.27940521,70.77350991,1
2239,21.20558285,72.78717725,1
2240,23.10795243,72.5738663,1
2241,23.00483133,72.52548507,1
2242,22.2912649,70.79378163,1
2243,23.06490236,72.56245558,1
2244,23.10600006,72.60252559,1
2245,22.24912246,70.78189353,1
2246,21.20265274,72.87572076,1
2247,22.29492024,70.75703032,1
2248,21.23176963,72.89156881,1
2249,22.28996538,70.79558583,1
2250,22.31153535,70.81590572,1
2251,23.11777848,72.57672064,1
2252,21.96795394,70.79517093,1
2253,22.30818201,70.75320764,1
2254,23.04648821,72.67012117,1
2255,21.21855179,72.88256128,1
2256,21.15820236,72.77773124,1
2257,23.0790304,72.57497469,1
2258,23.06333478,72.56359656,1
2259,23.00687896,72.66223563,1
2260,21.23288975,72.82899093,1
2261,21.23139711,72.89176461,1
2262,21.27121938,72.96966741,1
2263,23.07385969,72.54951767,1
2264,22.98059024,72.60873662,1
2265,22.73086957,72.44388473,1
2266,22.3334149,70.7693579,1
2267,23.04735345,72.66128239,1
2268,21.21408909,72.77619153,1
2269,23.1266384,72.5868077,1
2270,21.22763844,72.830233,1
2271,21.21599624,72.79315112,1
2272,22.2770128,70.80415592,1
2273,21.23805053,72.88585166,1
2274,22.28939733,70.77594898,1
2275,21.13025446,72.88968467,1
2276,23.0429877,72.64682571,1
2277,21.22622974,72.92970379,1
2278,22.25266255,70.81096781,1
2279,21.17410413,72.78901734,1
2280,21.24435413,72.84700486,1
2281,21.21575948,72.87522484,1
2282,21.24767082,72.84236163,1
2283,22.29490275,70.75709201,1
2284,21.23420164,72.82740379,1
2285,21.20789411,72.87548012,1
2286,21.24102971,72.87598997,1
2287,22.27516987,70.77434787,1
2288,23.04690867,72.66028997,1
2289,21.21786855,72.89214891,1
2290,23.08954111,72.65359737,1
2291,22.33378529,70.82155779,1
2292,21.22369381,72.88845418,1
2293,21.21417709,72.8786498,1
2294,22.28026476,70.77433067,1
2295,21.72464698,70.44355557,1
2296,23.03878186,72.66080886,1
2297,21.22686318,72.82945516,1
2298,21.22572884,72.7385628,1
2299,23.07178512,72.66122991,1
2300,23.0462286,72.67199697,1
2301,23.07474783,72.55646478,1
2302,23.00184838,72.60419959,1
2303,22.98697932,72.62203563,1
2304,22.27385752,70.76194746,1
2305,21.21780069,72.90305907,1
2306,23.06265218,72.52424565,1
2307,22.24968479,70.78206787,1
2308,22.26239004,70.7772207,1
2309,21.2046665,72.7855867,1
2310,23.07755769,72.75842764,1
2311,22.98672734,72.62066058,1
2312,21.14728815,72.8691291,1
2313,21.7392266,70.27960461,1
2314,22.99424075,72.61039732,1
2315,23.06954159,72.537987,1
2316,22.3337446,70.76947516,1
2317,22.33423811,70.76886012,1
2318,21.23015869,72.89040758,1
2319,21.24219564,72.79029802,1
2320,21.20590508,72.7861151,1
2321,23.01025627,72.64926088,1
2322,23.05743476,72.65214023,1
2323,22.97095083,72.61669423,1
2324,23.00870439,72.66088618,1
2325,21.20102183,72.86354327,1
2326,22.28906752,70.77683947,1
2327,21.22724027,72.81711574,1
2328,23.07407019,72.54715329,1
2329,22.22422505,70.73337207,1
2330,21.23747953,72.90004133,1
2331,23.11396108,72.57244711,1
2332,22.95892704,72.62068892,1
2333,22.33371962,70.76936787,1
2334,21.21814904,72.88241108,1
2335,21.24685084,72.891246,1
2336,22.29949707,70.76016698,1
2337,21.19611803,72.78143644,1
2338,22.03324682,71.20435936,1
2339,21.21679365,72.89372574,1
2340,22.96853978,72.61752222,1
2341,21.20369049,72.8639007,1
2342,21.2448604,72.88826163,1
2343,22.04618921,71.21688492,1
2344,22.29590974,70.78926746,1
2345,21.76095236,70.61843557,1
2346,23.05782732,72.65144554,1
2347,21.25923351,72.85167475,1
2348,21.22734117,72.88672752,1
2349,21.24273927,72.7902551,1
2350,21.2461203,72.84458665,1
2351,22.2804051,70.78960187,1
2352,21.21543688,72.87450694,1
2353,21.13078339,72.89035254,1
2354,23.01259883,72.5928291,1
2355,23.09427995,72.55839545,1
2356,21.14862284,72.7972795,1
2357,21.20482761,72.78566717,1
2358,21.21725434,72.89145958,1
2359,22.94982715,72.60178204,1
2360,22.27916783,70.77452379,1
2361,22.98629232,72.61961452,1
2362,22.96690911,72.60339009,1
2363,23.07025531,72.65771918,1
2364,21.21003316,72.78301528,1
2365,22.22426754,70.73336134,1
2366,23.06926892,72.50898122,1
2367,22.29161469,70.79428589,1
2368,21.31626481,72.88282257,1
2369,22.27418736,70.76198233,1
2370,22.26931986,70.768267,1
2371,22.95990582,72.56037849,1
2372,22.09757811,70.77807323,1
2373,21.2166552,72.89375793,1
2374,21.2215373,72.88445673,1
2375,21.20211217,72.87445744,1
2376,23.07351491,72.65173487,1
2377,21.73891809,70.28001767,1
2378,21.11540972,72.83365896,1
2379,21.23003032,72.89115592,1
2380,21.2005435,72.86395096,1
2381,21.15805378,72.7776615,1
2382,21.1963421,72.78137475,1
2383,22.26923931,70.76863908,1
2384,21.19326789,72.87012008,1
2385,22.21145498,70.75832076,1
2386,21.26859124,72.97056741,1
2387,21.26739849,72.98001415,1
2388,21.19685317,72.78132915,1
2389,21.24610561,72.88568732,1
2390,23.11132038,72.60009003,1
2391,22.28097289,70.80952688,1
2392,23.06836831,72.65709848,1
2393,21.19611148,72.78829574,1
2394,22.29658994,70.82918467,1
2395,21.22921033,72.78457125,1
2396,22.33462275,70.76946093,1
2397,23.04312618,72.64868193,1
2398,22.26666734,70.78497662,1
2399,21.19635972,72.78032333,1
2400,21.69347848,72.9703579,1
2401,21.17353002,72.78842189,1
2402,22.99949407,72.52969312,1
2403,23.01693538,72.69174175,1
2404,23.03989872,72.65361079,1
2405,21.21045469,72.87622758,1
2406,21.23721526,72.90035247,1
2407,22.23521766,70.81232531,1
2408,22.97745641,72.61579116,1
2409,21.22086636,72.89340111,1
2410,21.21906391,72.88928921,1
2411,21.20276406,72.86515598,1
2412,21.20035972,72.86375784,1
2413,21.22777231,72.90043178,1
2414,22.24927742,70.78133026,1
2415,21.23799613,72.85049662,1
2416,21.23771732,72.87647854,1
2417,21.24513977,72.88841988,1
2418,22.14565154,71.45254921,1
2419,21.19857916,72.79678198,1
2420,22.33465273,70.76945289,1
2421,21.17961871,72.84533148,1
2422,23.07028263,72.65770041,1
2423,21.21776031,72.89276045,1
2424,22.27951265,70.77483224,1
2425,22.27439226,70.76197697,1
2426,21.22039469,72.82953684,1
2427,21.26168226,72.95758117,1
2428,21.23819147,72.88582752,1
2429,23.0728012,72.66131306,1
2430,23.06586462,72.51225819,1
2431,21.218436,72.8813221,1
2432,22.27970255,70.77346432,1
2433,22.27470745,70.78284939,1
2434,21.17952913,72.71144828,1
2435,21.25898437,72.85141994,1
2436,21.19540514,72.80698239,1
2437,21.21687421,72.8943802,1
2438,21.23721743,72.88623254,1
2439,23.03967757,72.5153456,1
2440,21.22111206,72.85488548,1
2441,22.23619496,70.81235481,1
2442,21.16163844,72.85823254,1
2443,22.23287486,73.18511382,1
2444,23.07513908,72.54930577,1
2445,23.06112167,72.59459027,1
2446,21.23116554,72.8913435,1
2447,22.99934436,72.52973983,1
2448,21.21702779,72.89186459,1
2449,21.32926166,72.75436093,1
2450,23.06819192,72.65654058,1
2451,21.23436448,72.90554636,1
2452,21.74963132,70.61031114,1
2453,21.23423436,72.8274628,1
2454,21.21406747,72.87376128,1
2455,21.20668577,72.87082726,1
2456,23.01793068,72.69280274,1
2457,21.23689527,72.88588385,1
2458,21.23057279,72.82660921,1
2459,21.21559082,72.87518193,1
2460,23.04699759,72.6701158,1
2461,21.95150127,70.79062606,1
2462,21.22308346,72.7884566,1
2463,23.0392863,72.65981108,1
2464,22.97673296,72.61592259,1
2465,21.19706968,72.78028041,1
2466,21.83463944,70.82306554,1
2467,21.96818183,70.79470422,1
2468,22.29424454,70.79406863,1
2469,22.31424254,70.7738705,1
2470,21.17907087,72.71170845,1
2471,21.22955836,72.8638786,1
2472,21.22814941,72.82973947,1
2473,23.05322636,72.56047332,1
2474,22.98732237,72.62240577,1
2475,21.17086272,72.81245537,1
2476,22.73357011,72.4404007,1
2477,21.19575046,72.78079271,1
2478,22.26019739,70.7855912,1
2479,22.29209482,70.78928117,1
2480,21.22430296,72.88810549,1
2481,21.25878808,72.85110076,1
2482,21.20928758,72.77636472,1
2483,21.19247231,72.87081209,1
2484,21.24134966,72.88886706,1
2485,23.06619753,72.51222333,1
2486,23.1108336,72.59934438,1
2487,22.22410256,70.73269347,1
2488,21.21884441,72.88350035,1
2489,21.23397763,72.82757009,1
2490,21.22025706,72.88893247,1
2491,21.21899293,72.88337429,1
2492,21.21938193,72.87945091,1
2493,22.2627474,70.77749428,1
2494,22.28606463,70.75681994,1
2495,23.07174537,72.66046548,1
2496,21.12464131,72.8513288,1
2497,23.06866958,72.53791189,1
2498,23.11846391,72.57683598,1
2499,21.24164162,72.88862297,1
2500,22.33485005,70.76845779,1
2501,21.2243,72.9187,0
2502,21.9245,70.7572,0
2503,21.1728,72.8674,0
2504,29.1338,78.4357,0
2505,22.1586,70.8359,0
2506,21.3145,72.7949,0
2507,22.9399,72.6667,0
2508,22.3079,70.7379,0
2509,23.58584,72.25468,0
2510,22.2513,70.8002,0
2511,22.0151,71.1517,0
2512,22.0563,70.6597,0
2513,21.7445,70.2892,0
2514,22.3951678,70.7893538,0
2515,22.2454,70.8009,0
2516,22.3074,70.8092,0
2517,23.0817,72.6657,0
2518,23.0208,72.6153,0
2519,20.81,72.91,0
2520,13.5601,78.4943,0
2521,21.73,70.04,0
2522,21.9586,70.8169,0
2523,22.7325,72.4294,0
2524,21.5849,73.6814,0
2525,21.2596,72.8984,0
2526,22.3626,70.7589,0
2527,22.9151,72.1742,0
2528,21.3792,72.8734,0
2529,22.2829,70.7925,0
2530,22.1278,70.8597,0
2531,21.2411,72.9317,0
2532,21.8551,70.2459,0
2533,21.219126,73.170346,0
2534,22.343,70.8077,0
2535,23.0723,72.6496,0
2536,22.727934,72.441412,0
2537,26.7642,80.9102,0
2538,21.7669,70.6146,0
2539,22.3291,70.7693,0
2540,21.1123,72.8641,0
2541,23.139,72.0445,0
2542,22.82771,72.27784,0
2543,22.3575,70.9398,0
2544,22.31,70.7293,0
2545,21.23962,72.933673,0
2546,55.0681,38.8414,0
2547,21.7442,70.645,0
2548,22.0417,71.203,0
2549,21.2123,72.8271,0
2550,21.965,70.8197,0
2551,22.9973,72.5322,0
2552,21.3051104,72.9137807,0
2553,21.2956,72.6871,0
2554,21.2243,72.9188,0
2555,22.95,72.62,0
2556,21.9622,70.8151,0
2557,50.6448,5.5048,0
2558,22.1837,71.0426,0
2559,21.1062,73.4317,0
2560,23.0086,72.6343,0
2561,21.8552,70.2458,0
2562,21.0618,72.872,0
2563,21.384,72.7068,0
2564,23.1529,72.0227,0
2565,22.9897,72.5034,0
2566,21.267808,72.942993,0
2567,22.2075,70.7895,0
2568,21.7175,70.4447,0
2569,21.9688,70.8252,0
2570,22.4831,70.6317,0
2571,21.2189,72.9049,0
2572,23.0934,72.3253,0
2573,21.198,72.8482,0
2574,22.2071,70.808,0
2575,21.2162,72.8969,0
2576,22.8279,70.8078,0
2577,21.2219,72.6643,0
2578,23.238,71.8821,0
2579,22.3187,70.7279,0
2580,22.357746,72.166763,0
2581,22.3404,70.8086,0
2582,23.0859,72.14,0
2583,22.3035,70.7322,0
2584,20.206015,73.870247,0
2585,22.3112,70.8483,0
2586,22.3407,70.8088,0
2587,22.9375,72.651,0
2588,22.3431,70.8074,0
2589,22.4419,70.7091,0
2590,21.2304,72.8626,0
2591,21.242,72.9171,0
2592,22.174328,70.84173,0
2593,22.9399,72.6665,0
2594,22.3376,70.8116,0
2595,21.6364,70.1487,0
2596,21.2748,72.9313,0
2597,22.9837,72.7057,0
2598,22.935,72.5788,0
2599,21.2164,72.8851,0
2600,21.1357,72.8832,0
2601,23.0407,72.6631,0
2602,22.7542,72.4686,0
2603,21.2043,72.6606,0
2604,70.2684,21.7374,0
2605,21.2643,72.8623,0
2606,22.0554,70.6607,0
2607,23.0958,72.0027,0
2608,21.18160229,72.8653604,0
2609,21.242,72.9169,0
2610,22.731,72.4338,0
2611,22.2386,72.1355,0
2612,23.0891,72.5936,0
2613,20.8547,73.2337,0
2614,22.3599,70.9393,0
2615,21.2252261,73.2135576,0
2616,21.2353321,72.9190259,0
2617,22.227,70.9143,0
2618,23.0629,72.6328,0
2619,23.0358,72.2106,0
2620,23.0357,72.2123,0
2621,21.248444,72.950879,0
2622,21.2234,73.1198,0
2623,21.0548,73.1193,0
2624,23.1202,72.0375,0
2625,22.2412,70.7931,0
2626,22.3081,70.8099,0
2627,21.2598,72.9448,0
2628,21.5222,70.7109,0
2629,22.3124,70.738,0
2630,21.5879,70.7917,0
2631,21.328278,72.803261,0
2632,21.2645,72.8623,0
2633,22.40565,72.15454,0
2634,20.391897,72.913277,0
2635,23.17685,72.61954,0
2636,23.272,71.9264,0
2637,22.2921,70.7984,0
2638,29.0897,77.442,0
2639,22.0516,71.1124,0
2640,21.2287,72.9162,0
2641,21.7216,70.4434,0
2642,21.75467,70.05773,0
2643,21.8479,70.2362,0
2644,41.6326,24.863,0
2645,22.9473,72.4509,0
2646,21.6503,73.9479,0
2647,21.2189,72.9048,0
2648,21.236034,72.872267,0
2649,22.2839,70.8259,0
2650,21.2049,72.8415,0
2651,20.9293,73.2294,0
2652,23.1438,72.0554,0
2653,23.9633,72.9863,0
2654,21.2321,72.9517,0
2655,23.0058,72.6727,0
2656,21.2483,72.96,0
2657,22.3937,71.916,0
2658,22.6319,72.2992,0
2659,21.1256,72.8771,0
2660,11.2941,76.9351,0
2661,42.7011,2.8919,0
2662,22.8955,72.6775,0
2663,22.3198,70.7072,0
2664,22.3127,70.7325,0
2665,22.0559,70.6593,0
2666,22,72,0
2667,20.9989,73.0163,0
2668,23.58584,72.66351,0
2669,21.24596,72.94886,0
2670,21.2335,72.9146,0
2671,22.6815,72.1534,0
2672,22.2694,70.7355,0
2673,20.971,73.1538,0
2674,21.857277,70.419628,0
2675,22.309,70.7395,0
2676,21.269252,72.943334,0
2677,22.3034,70.8044,0
2678,22.2247,70.8178,0
2679,23.0899,72.5086,0
2680,22.3415,70.8075,0
2681,22.1124,71.0665,0
2682,22.2833,70.8118,0
2683,21.9586,70.8211,0
2684,22.557103,70.604213,0
2685,21.4068,72.7185,0
2686,21.172106,72.867988,0
2687,23.3174,71.9602,0
2688,21.1495,72.8993,0
2689,21.237509,72.83857,0
2690,23.0727,72.3628,0
2691,21.2425,72.9167,0
2692,22.2166052,70.7968023,0
2693,86.5462,113.7813,0
2694,22.9575,72.6257,0
2695,22.8252,72.4866,0
2696,22.898,72.6763,0
2697,23.0138,72.592,0
2698,22.2773,70.9091,0
2699,23.0241,72.4503,0
2700,22.2035,70.9192,0
2701,22.3168,70.7361,0
2702,22.9467,72.6074,0
2703,21.21234,73.868043,0
2704,23.2764,72.3219,0
2705,22.6102,72.4436,0
2706,22.231378,70.813232,0
2707,23.0569,72.3868,0
2708,21.8454,70.3158,0
2709,22.1526,70.7855,0
2710,21.2968,73.0394,0
2711,21.2529,72.9777,0
2712,22.8365498,72.3627976,0
2713,22.9358,72.6733,0
2714,21.7209,70.4437,0
2715,22.3431,70.8073,0
2716,22.3285,72.1678,0
2717,23.9925,72.5286,0
2718,23.074,73.223,0
2719,22.4015,70.9318,0
2720,21.1128,73.3762,0
2721,22.85466,72.25489,0
2722,22.7375,72.4459,0
2723,23.31825,71.6656958,0
2724,22.8981,72.6774,0
2725,37.0902,72.834356,0
2726,21.245912,72.948808,0
2727,21.7643,70.6162,0
2728,21.2679,73.004,0
2729,22.7559,72.4512,0
2730,20.206069,73.870264,0
2731,23.037406,72.675548,0
2732,20.973,72.9832,0
2733,21.46778,72.78865,0
2734,22.8933,72.2704,0
2735,21.1759,72.8561,0
2736,22.7325,72.4356,0
2737,22.3142,70.8441,0
2738,22.8919,88.3937,0
2739,22.7569,72.4508,0
2740,22.3055,70.7438,0
2741,21.158,72.8807,0
2742,22.2037,70.3793,0
2743,21.0824,70.1786,0
2744,22.852,72.3923,0
2745,21.9484,70.7973,0
2746,22.321435,70.834561,0
2747,28.9415,78.4568,0
2748,22.043,70.8615,0
2749,21.146344,72.766953,0
2750,22.7321,72.4346,0
2751,22.5566,70.6094,0
2752,22.48552,72.522144,0
2753,22.2441,70.777,0
2754,23.0916,72.582,0
2755,22.9476,72.4506,0
2756,22.7264,72.4294,0
2757,21.3139,72.9179,0
2758,21.253,72.9505,0
2759,22.3185,70.5452,0
2760,21.245494,72.954227,0
2761,21.5099,70.4532,0
2762,21.1775,73.143,0
2763,22.309,70.7402,0
2764,21.9565,70.8155,0
2765,20.9482,73.2301,0
2766,22.296,70.7383,0
2767,22.086781,71.049418,0
2768,22.3041,70.8681,0
2769,23.60285,72.3868,0
2770,21.7252,70.4215,0
2771,22.885778,72.25468,0
2772,23.0567,72.6448,0
2773,22.2146,70.8058,0
2774,21.2381,72.9731,0
2775,21.6321,69.5954,0
2776,22.8248,72.4876,0
2777,22.3117,70.7402,0
2778,22.3063,70.746,0
2779,19.988,73.7235,0
2780,21.1473,72.8851,0
2781,22.2832,70.7923,0
2782,22.4329,70.0555,0
2783,22.383,70.6791,0
2784,20.9382,70.8493,0
2785,21.15189631,72.88178056,0
2786,24.31303,72.38902,0
2787,22.9850899,72.4351109,0
2788,17.039,74.2599,0
2789,22.3116,70.833945,0
2790,22.8277,70.8274,0
2791,29.1119,77.469,0
2792,22.8179,72.3679,0
2793,22.3051,70.7371,0
2794,21.9579,70.8105,0
2795,21.0945,72.7115,0
2796,22.7369,72.4281,0
2797,22.1569,70.8891,0
2798,21.1615,72.8765,0
2799,21.9587,70.8082,0
2800,21.1333,73.1056,0
2801,21.322653,72.782939,0
2802,22.009005,72.665991,0
2803,23.8616465,73.3063313,0
2804,21.5395,72.8965,0
2805,23.0058,72.6757,0
2806,22.3217,70.7353,0
2807,21.7441,70.6436,0
2808,23.0066,72.6757,0
2809,22.3114,70.829,0
2810,24.1422,73.2196,0
2811,23.0135,72.5922,0
2812,21.2047,72.8386,0
2813,22.3097,70.7403,0
2814,21.434155,73.161485,0
2815,22.3114,70.8289,0
2816,21.3769,72.7193,0
2817,22.3025,70.8688,0
2818,21.7423,70.5486,0
2819,21.297,72.9191,0
2820,22.3117,70.7388,0
2821,22.31565,70.833873,0
2822,22.9816,72.5014,0
2823,22.3127,70.7363,0
2824,21.2408,72.9255,0
2825,22.4417,70.7084,0
2826,21.2178,73.3177,0
2827,22.7359,72.435,0
2828,24.03,72.68,0
2829,21.2487,72.8435,0
2830,22.4287,70.058,0
2831,22.683582,72.336412,0
2832,22.9716,72.3376,0
2833,21.8409,70.8286,0
2834,22.9513,72.5943,0
2835,22.3321,70.7815,0
2836,22.316,70.7514,0
2837,22.6232,70.9584,0
2838,20.3499,73.0312,0
2839,22.3821,74.2943,0
2840,21.1333,72.8839,0
2841,21.2669,72.8846,0
2842,22.0654,70.913,0
2843,22.2919,70.7995,0
2844,23.085,72.54252,0
2845,21.1798,72.8874,0
2846,21.2433,72.9576,0
2847,22.3328,70.8774,0
2848,22.6492,72.4127,0
2849,22.333437,70.7778379,0
2850,22.155711,70.896304,0
2851,22.9928,72.3697,0
2852,22.272,70.8295,0
2853,21.296,72.7656,0
2854,22.179304,70.653848,0
2855,23.0293,72.1715,0
2856,23.0629,72.6288,0
2857,21.133,72.8836,0
2858,22.7562,72.451,0
2859,22.3017,70.741,0
2860,21.7461,70.2816,0
2861,22.9351,72.5794,0
2862,22.336828,70.81299,0
2863,21.292,72.9034,0
2864,23.2424,72.6446,0
2865,23.0631,72.6287,0
2866,21.295572,72.89477,0
2867,22.7337,72.4351,0
2868,22.3166,70.7389,0
2869,22.3092,70.7322,0
2870,22.4417,70.7087,0
2871,21.2515,72.7957,0
2872,23.0064,72.6757,0
2873,21.2382,72.9734,0
2874,21.26832,72.9438,0
2875,22.0222,71.1317,0
2876,22.9154,72.1744,0
2877,21.2382,72.9736,0
2878,22.3416,70.8078,0
2879,22.3091,70.7407,0
2880,22.2172,70.818,0
2881,22.2577,70.7881,0
2882,28.6996,77.7911,0
2883,21.2515,72.7928,0
2884,21.677514,70.369563,0
2885,21.756,72.643,0
2886,22.3083,70.7345,0
2887,22.0467,71.2047,0
2888,22.9772,72.1072,0
2889,23.0138,72.591,0
2890,23.0495,72.4179,0
2891,22.6,70.24,0
2892,23.0583,72.1858,0
2893,22.4373,70.5986,0
2894,21.2536,72.9691,0
2895,22.73,72.505,0
2896,22.7302,72.4312,0
2897,21.9571,70.8136,0
2898,22.312,70.7392,0
2899,21.1702,72.8311,0
2900,21.9471,70.7977,0
2901,21.2577,72.8673,0
2902,23.0926,72.3266,0
2903,22.442,70.7087,0
2904,22.9759,72.4976,0
2905,23.0931,72.5126,0
2906,22.4689,70.5749,0
2907,23.0148,72.5941,0
2908,22.5621,71.256,0
2909,22.3796,71.9832,0
2910,26.4108,74.6532,0
2911,22.2592,70.7143,0
2912,22.17,70.84,0
2913,23.5251,72.2561,0
2914,23.1003,72.6684,0
2915,21.2435,72.9578,0
2916,21.6296,73.3896,0
2917,22.7344,72.4254,0
2918,23.0044,72.7761,0
2919,22.8861,72.4828,0
2920,22.342,70.8074,0
2921,22.3045,70.7308,0
2922,21.2974,72.7605,0
2923,22.992178,72.382778,0
2924,21.9636,70.8166,0
2925,22.2994,70.79,0
2926,22.7439,72.437,0
2927,21.3845448,73.10174517,0
2928,22.3051,70.7414,0
2929,21.2643,72.9592,0
2930,22.4894,70.7392,0
2931,21.7453,72.6314,0
2932,23.0125702,72.6362652,0
2933,22.1002,71.4176,0
2934,21.963367,70.869378,0
2935,21.245932,72.94884,0
2936,21.2488,72.8434,0
2937,22.9492,72.3806,0
2938,22.343,70.8072,0
2939,22.374,70.7332,0
2940,21.9573,70.8183,0
2941,23.3943,73.2052,0
2942,22.907,72.6483,0
2943,22.3157,70.5476,0
2944,21.2553,72.8432,0
2945,29.1576,78.1494,0
2946,22.7833,72.2669,0
2947,22.236812,70.823734,0
2948,23.1286,72.5682,0
2949,21.1467,72.8713,0
2950,21.2422,72.9163,0
2951,23.0073,72.5831,0
2952,29.1509,77.697,0
2953,21.2623,72.8181,0
2954,22.7446,72.4267,0
2955,23.0027,72.5214,0
2956,21.146892,72.87081,0
2957,21.4396,73.1333,0
2958,21.2017,72.8388,0
2959,22.2308,70.8138,0
2960,21.229,72.8067,0
2961,22.0361,71.2169,0
2962,21.7211,70.4461,0
2963,22.3094,70.7504,0
2964,21.3289,72.7067,0
2965,20.880201,72.9733,0
2966,21.1329,72.8836,0
2967,21.104924,73.328683,0
2968,21.4572762,72.9299337,0
2969,21.2682,73.0562,0
2970,22.0082,71.157,0
2971,22.9341,73.9576,0
2972,23.5779,70.6513,0
2973,21.9563,70.813,0
2974,23.0931,72.3267,0
2975,21.2381,72.9736,0
2976,21.1621,72.8759,0
2977,22.0239,70.611,0
2978,23.0107,72.6062,0
2979,22.3175,70.7353,0
2980,23.023,72.3902,0
2981,21.6213,70.3436,0
2982,22.8629,70.8286,0
2983,23.055,72.6321,0
2984,21.144,72.8347,0
2985,23.1322,72.0434,0
2986,23.0393,72.6678,0
2987,21.8167,70.561,0
2988,22.3851,71.98,0
2989,22.2292,70.863445,0
2990,22.3254,70.8323,0
2991,22.4215,71.9266,0
2992,22.0801,71.0079,0
2993,21.9144,70.7885,0
2994,19.2048,72.9999,0
2995,22.0959,70.7756,0
2996,23.2564564,72.1564,0
2997,23.0649,72.6431,0
2998,22.7325,72.4354,0
2999,21.2395,72.93381,0
3000,21.9586,70.809,0
